{
  "type": "FeatureCollection",
  "features": [
    {
      "type": "Feature",
      "properties": {
        "WardName": "Holme Valley South",
        "NoCllrs": 3,
        "Number": 18
      },
      "geometry": {
        "type": "Polygon",
        "coordinates": [
          [
            [
              -1.7774245874645676,
              53.5939698072809
            ],
            [
              -1.7758884683287233,
              53.593404660948984
            ],
            [
              -1.7746667595423207,
              53.59248761496733
            ],
            [
              -1.7740379388434369,
              53.591453248521766
            ],
            [
              -1.773993023079231,
              53.590301552997715
            ],
            [
              -1.7724658870962278,
              53.5895070780682
            ],
            [
              -1.771091464711525,
              53.58957106317931
            ],
            [
              -1.769663143409775,
              53.58876591013705
            ],
            [
              -1.770444677706959,
              53.58832333603719
            ],
            [
              -1.7704536608598,
              53.58806738745452
            ],
            [
              -1.7702919641086585,
              53.5879500771694
            ],
            [
              -1.7696002613398867,
              53.58805139061665
            ],
            [
              -1.7693666993660153,
              53.587896754204856
            ],
            [
              -1.7691960194620326,
              53.58688360509548
            ],
            [
              -1.7693397499074919,
              53.58662231533289
            ],
            [
              -1.7686749965972433,
              53.58637702143259
            ],
            [
              -1.7688187270427027,
              53.585886429360905
            ],
            [
              -1.7680821085097245,
              53.58582777123203
            ],
            [
              -1.7673454899767465,
              53.585902427018276
            ],
            [
              -1.767183793225605,
              53.585817106108955
            ],
            [
              -1.7672556584483345,
              53.585630466019346
            ],
            [
              -1.7670220964744636,
              53.585614468259
            ],
            [
              -1.7665549725267213,
              53.58538516636237
            ],
            [
              -1.766267511635803,
              53.58542782727452
            ],
            [
              -1.7658542866051081,
              53.58588109680708
            ],
            [
              -1.765306314281795,
              53.5857317850274
            ],
            [
              -1.7649200387096238,
              53.585817106108955
            ],
            [
              -1.7649200387096238,
              53.585454490322775
            ],
            [
              -1.7644349484561992,
              53.58531584228823
            ],
            [
              -1.7642912180107402,
              53.58501188154398
            ],
            [
              -1.7638510435215216,
              53.584686587799666
            ],
            [
              -1.7638959592857275,
              53.58428130028757
            ],
            [
              -1.763321037503891,
              53.58380134952351
            ],
            [
              -1.763455784796509,
              53.583492045032195
            ],
            [
              -1.7629617113902434,
              53.58339072065491
            ],
            [
              -1.7625035705953422,
              53.58344938216609
            ],
            [
              -1.7622700086214713,
              53.583220068523104
            ],
            [
              -1.7618118678265702,
              53.583124076396174
            ],
            [
              -1.7617759352152054,
              53.58299608655451
            ],
            [
              -1.761021350376545,
              53.58299608655451
            ],
            [
              -1.7601140519395844,
              53.58335339055996
            ],
            [
              -1.7590630230571644,
              53.58334805768654
            ],
            [
              -1.7570058810565308,
              53.58397733210314
            ],
            [
              -1.7561614646894586,
              53.58391867132469
            ],
            [
              -1.75489484013885,
              53.58411065175142
            ],
            [
              -1.753565333518353,
              53.58381201515525
            ],
            [
              -1.7531700747933405,
              53.58429196579822
            ],
            [
              -1.751903450242732,
              53.58420664163779
            ],
            [
              -1.7518226018671612,
              53.5843132968114
            ],
            [
              -1.7513554779194191,
              53.584435949928356
            ],
            [
              -1.7507625898319001,
              53.58439862075653
            ],
            [
              -1.7505829267750763,
              53.58428130028757
            ],
            [
              -1.7491635886261674,
              53.58440395349737
            ],
            [
              -1.7442857366333986,
              53.58515586322165
            ],
            [
              -1.74256995444073,
              53.58524651810038
            ],
            [
              -1.742560971287889,
              53.58509720407884
            ],
            [
              -1.740629593427032,
              53.58516652851157
            ],
            [
              -1.7382580410769564,
              53.58446794633512
            ],
            [
              -1.737548372002502,
              53.584478611798644
            ],
            [
              -1.7369105681507773,
              53.584217307167265
            ],
            [
              -1.7367039556354298,
              53.58395066812304
            ],
            [
              -1.736353612674623,
              53.58397733210314
            ],
            [
              -1.7362008990763227,
              53.58420664163779
            ],
            [
              -1.7359583539496104,
              53.58429196579822
            ],
            [
              -1.7356978425172158,
              53.58414798117757
            ],
            [
              -1.7354103816262976,
              53.584217307167265
            ],
            [
              -1.7355002131547095,
              53.584334627813824
            ],
            [
              -1.7348534261501434,
              53.58455326996804
            ],
            [
              -1.7348174935387788,
              53.584766578296765
            ],
            [
              -1.734089858158642,
              53.58478257637804
            ],
            [
              -1.7337484983506763,
              53.58510786938357
            ],
            [
              -1.733317307014299,
              53.585054542832914
            ],
            [
              -1.7329220482892864,
              53.584499942717635
            ],
            [
              -1.7324369580358618,
              53.58418531057074
            ],
            [
              -1.732670520009733,
              53.5836520303965
            ],
            [
              -1.7328142504551922,
              53.58230813451549
            ],
            [
              -1.7324100085773384,
              53.581673502163376
            ],
            [
              -1.7323650928131322,
              53.58106552609994
            ],
            [
              -1.7313949123062833,
              53.580873531842144
            ],
            [
              -1.7303887991880693,
              53.58093219684677
            ],
            [
              -1.729724045877821,
              53.58078820078097
            ],
            [
              -1.7286460675368776,
              53.58079353397735
            ],
            [
              -1.7298677763232801,
              53.5797482146307
            ],
            [
              -1.7302091361312455,
              53.5786442013367
            ],
            [
              -1.7308649062886527,
              53.5772894789627
            ],
            [
              -1.7306762600789878,
              53.57679878140897
            ],
            [
              -1.73152067644606,
              53.57599338503534
            ],
            [
              -1.7306582937733053,
              53.575438666027615
            ],
            [
              -1.7306762600789878,
              53.575257314004176
            ],
            [
              -1.7295084502096323,
              53.57476125890738
            ],
            [
              -1.728852680052225,
              53.57430253611167
            ],
            [
              -1.7272716451521748,
              53.57518263941549
            ],
            [
              -1.7260768858242956,
              53.57438254625993
            ],
            [
              -1.725591795570871,
              53.5749639487899
            ],
            [
              -1.723741266085585,
              53.57649475941496
            ],
            [
              -1.7240017775179797,
              53.57667077241479
            ],
            [
              -1.7228519339543067,
              53.577364149830295
            ],
            [
              -1.7222231132554229,
              53.57795084491518
            ],
            [
              -1.721998534434393,
              53.57749749033724
            ],
            [
              -1.7221242985741698,
              53.577070799234654
            ],
            [
              -1.7185490037433742,
              53.575945380793485
            ],
            [
              -1.717947132503014,
              53.57564135266272
            ],
            [
              -1.7166715247995643,
              53.57464391168919
            ],
            [
              -1.715422866554638,
              53.57406783880331
            ],
            [
              -1.714587433340407,
              53.57348642395106
            ],
            [
              -1.7142820061438064,
              53.57346508747412
            ],
            [
              -1.7078410855566695,
              53.56596464880285
            ],
            [
              -1.7081105801419054,
              53.565580522253725
            ],
            [
              -1.7097275476533205,
              53.56457217346375
            ],
            [
              -1.7053617353724997,
              53.561829769980996
            ],
            [
              -1.7041310434332557,
              53.56025040636288
            ],
            [
              -1.7231753274565897,
              53.55992492207301
            ],
            [
              -1.7252684020685882,
              53.55540523386868
            ],
            [
              -1.7259421385316778,
              53.55465813146716
            ],
            [
              -1.7263643467152139,
              53.55449803637914
            ],
            [
              -1.7244060193958335,
              53.552235294354674
            ],
            [
              -1.7251785705401763,
              53.55147212530067
            ],
            [
              -1.7272446956936511,
              53.5503300144322
            ],
            [
              -1.7284753876328947,
              53.54887297778642
            ],
            [
              -1.728798781135178,
              53.54808306149254
            ],
            [
              -1.728996410497684,
              53.547970977580775
            ],
            [
              -1.7295623491266794,
              53.548045700221614
            ],
            [
              -1.7292030230130317,
              53.54750128938892
            ],
            [
              -1.7294545512925852,
              53.547437240595265
            ],
            [
              -1.7300833719914688,
              53.54679140984311
            ],
            [
              -1.733092728193269,
              53.54512608177531
            ],
            [
              -1.7401085705622428,
              53.542067472056
            ],
            [
              -1.7415548581696751,
              53.54106923920115
            ],
            [
              -1.7424980892180006,
              53.54105322457845
            ],
            [
              -1.755820104881493,
              53.53668100599759
            ],
            [
              -1.7654949604914605,
              53.53566129057972
            ],
            [
              -1.771783167480297,
              53.53385670782406
            ],
            [
              -1.7724209713320218,
              53.53393145538215
            ],
            [
              -1.7750799845730156,
              53.53504731395463
            ],
            [
              -1.7768137330713663,
              53.53550646253112
            ],
            [
              -1.7810717475180928,
              53.53522883840555
            ],
            [
              -1.7853477282705017,
              53.53479104281672
            ],
            [
              -1.7875845333279594,
              53.535202143682156
            ],
            [
              -1.7885996295990143,
              53.53555451267575
            ],
            [
              -1.7916988173292268,
              53.53538366746931
            ],
            [
              -1.7931451049366594,
              53.534700279750105
            ],
            [
              -1.7946363083082977,
              53.534198409869695
            ],
            [
              -1.7962353095140304,
              53.53393145538215
            ],
            [
              -1.7974300688419091,
              53.533888742507955
            ],
            [
              -1.7998465369561907,
              53.53450807496681
            ],
            [
              -1.8012568919522585,
              53.53510604253861
            ],
            [
              -1.8041045514029175,
              53.53655287556638
            ],
            [
              -1.8042842144597413,
              53.537012007816834
            ],
            [
              -1.8222325538364494,
              53.521088957064784
            ],
            [
              -1.8227445935483975,
              53.521911420844354
            ],
            [
              -1.8271553215934242,
              53.523508236741314
            ],
            [
              -1.8289250027031396,
              53.52318246982359
            ],
            [
              -1.8338298041544323,
              53.5210141868385
            ],
            [
              -1.8349796477181055,
              53.52066703763059
            ],
            [
              -1.839534106208591,
              53.51982318615605
            ],
            [
              -1.8412678547069419,
              53.519753754590155
            ],
            [
              -1.8420853216154907,
              53.52002079845157
            ],
            [
              -1.8429836368996102,
              53.52061362980765
            ],
            [
              -1.8442412782973776,
              53.52178324572127
            ],
            [
              -1.8439897500178242,
              53.522562971723914
            ],
            [
              -1.8456875659048098,
              53.52472583517024
            ],
            [
              -1.847035038830989,
              53.52542540440094
            ],
            [
              -1.8506282999674672,
              53.52622108360383
            ],
            [
              -1.8542574937153102,
              53.52830900292017
            ],
            [
              -1.85613497265912,
              53.52955850131087
            ],
            [
              -1.8566470123710679,
              53.530017709404476
            ],
            [
              -1.859539587585933,
              53.53364848178786
            ],
            [
              -1.8602762061189109,
              53.53402222009675
            ],
            [
              -1.8621536850627207,
              53.53449205786216
            ],
            [
              -1.8634292927661706,
              53.53496722939064
            ],
            [
              -1.8677591724356266,
              53.53747113508844
            ],
            [
              -1.8706427644976504,
              53.539275563802946
            ],
            [
              -1.873490423948309,
              53.54042864956872
            ],
            [
              -1.8758529931455437,
              53.540407296414045
            ],
            [
              -1.882689172457693,
              53.53915277967215
            ],
            [
              -1.8830484985713407,
              53.53898728745418
            ],
            [
              -1.885123606877657,
              53.53744444177874
            ],
            [
              -1.8864710798038362,
              53.536168481946284
            ],
            [
              -1.887046001585673,
              53.53586950671794
            ],
            [
              -1.8941067597188523,
              53.53361110777552
            ],
            [
              -1.896172884872327,
              53.53576806821441
            ],
            [
              -1.8976191724797595,
              53.53689455585459
            ],
            [
              -1.8983557910127378,
              53.53779679211176
            ],
            [
              -1.8993259715195865,
              53.5381117694726
            ],
            [
              -1.9008351411969073,
              53.53856020777379
            ],
            [
              -1.902110748900357,
              53.53864562405451
            ],
            [
              -1.9042756887350851,
              53.53848012985408
            ],
            [
              -1.9088930292954596,
              53.538736378663984
            ],
            [
              -1.9096206646755964,
              53.53838937469531
            ],
            [
              -1.9128815491569504,
              53.55164290558504
            ],
            [
              -1.9153159835769142,
              53.55152549421359
            ],
            [
              -1.9193673855082931,
              53.55087972584738
            ],
            [
              -1.920364515473666,
              53.55158419994003
            ],
            [
              -1.9215772411072272,
              53.552998449645145
            ],
            [
              -1.9244518500164096,
              53.55255550104759
            ],
            [
              -1.9248291424357398,
              53.55258218482929
            ],
            [
              -1.9275240882880982,
              53.55463678549043
            ],
            [
              -1.925996952305095,
              53.55501567497669
            ],
            [
              -1.9058657067879767,
              53.558601615894226
            ],
            [
              -1.8873963445464792,
              53.56305160205425
            ],
            [
              -1.8742809413983343,
              53.566407457023665
            ],
            [
              -1.8671662843481078,
              53.5675384642068
            ],
            [
              -1.8611475719445068,
              53.568658771692114
            ],
            [
              -1.8535298583351736,
              53.568701449485715
            ],
            [
              -1.850978642928274,
              53.56888816432624
            ],
            [
              -1.8449689136775145,
              53.569544327083925
            ],
            [
              -1.8381507006710471,
              53.57092063540373
            ],
            [
              -1.834225062879445,
              53.572296898930524
            ],
            [
              -1.8315840159441334,
              53.57366778357025
            ],
            [
              -1.8316738474725454,
              53.573811803890216
            ],
            [
              -1.829176530982693,
              53.5746972513742
            ],
            [
              -1.8270834563706946,
              53.57586003978451
            ],
            [
              -1.8224840821160027,
              53.57705479823453
            ],
            [
              -1.8228074756182857,
              53.57796684557616
            ],
            [
              -1.8153065429958877,
              53.58242012747091
            ],
            [
              -1.8147765369782571,
              53.5823241335273
            ],
            [
              -1.8147316212140514,
              53.582446792416555
            ],
            [
              -1.813249400995254,
              53.58230813451549
            ],
            [
              -1.8132314346895715,
              53.58296408903354
            ],
            [
              -1.8130966873969538,
              53.58313474219882
            ],
            [
              -1.8141926320435795,
              53.583204069850424
            ],
            [
              -1.8149112842708752,
              53.58347604646244
            ],
            [
              -1.815558071275441,
              53.58406265672648
            ],
            [
              -1.8153334924544116,
              53.58417464503322
            ],
            [
              -1.8141387331265322,
              53.584275967531255
            ],
            [
              -1.8106083540599425,
              53.58421197440286
            ],
            [
              -1.8101861458764068,
              53.58546515553738
            ],
            [
              -1.8094495273434286,
              53.58540116420948
            ],
            [
              -1.8093686789678576,
              53.58567845926396
            ],
            [
              -1.8086320604348798,
              53.58540116420948
            ],
            [
              -1.8074912000240482,
              53.58588109680708
            ],
            [
              -1.8078056103734896,
              53.585417162050526
            ],
            [
              -1.8064671206001517,
              53.58541182943751
            ],
            [
              -1.8060988113336627,
              53.58585443402797
            ],
            [
              -1.805802367289903,
              53.586003745374384
            ],
            [
              -1.8046165911148653,
              53.586222378894185
            ],
            [
              -1.8038350568176813,
              53.58621171387067
            ],
            [
              -1.8030625056733387,
              53.58634502647107
            ],
            [
              -1.800358576668139,
              53.58718221998897
            ],
            [
              -1.7996668738993669,
              53.58727820289949
            ],
            [
              -1.799577042370955,
              53.587160890423704
            ],
            [
              -1.797690580274304,
              53.587678129346905
            ],
            [
              -1.7964778546407425,
              53.58813137474551
            ],
            [
              -1.7948788534350097,
              53.5866649749963
            ],
            [
              -1.7942141001247616,
              53.586942261758956
            ],
            [
              -1.792489334779252,
              53.587384850322174
            ],
            [
              -1.792264755958222,
              53.587518159222086
            ],
            [
              -1.7922018738883336,
              53.58781143732168
            ],
            [
              -1.790881350420678,
              53.58819536193963
            ],
            [
              -1.7912766091456904,
              53.58860061191916
            ],
            [
              -1.789965068830876,
              53.58886188945074
            ],
            [
              -1.7892464166035804,
              53.58909650463318
            ],
            [
              -1.7884469160007141,
              53.58958705944197
            ],
            [
              -1.7881325056512722,
              53.5893951038906
            ],
            [
              -1.7872252072143116,
              53.589821670598354
            ],
            [
              -1.7875575838694358,
              53.590242900996785
            ],
            [
              -1.786093329956321,
              53.590637467434725
            ],
            [
              -1.7848626380170771,
              53.589880323183955
            ],
            [
              -1.7842607667767172,
              53.59012559675072
            ],
            [
              -1.7841080531784168,
              53.59029088900361
            ],
            [
              -1.7858507848296086,
              53.591453248521766
            ],
            [
              -1.7827515970993963,
              53.59257292240991
            ],
            [
              -1.783236687352821,
              53.59330869195313
            ],
            [
              -1.782140742706195,
              53.59345264536517
            ],
            [
              -1.781080730670934,
              53.5929088187908
            ],
            [
              -1.7807034382516038,
              53.59313274822792
            ],
            [
              -1.780945983378316,
              53.59328736548
            ],
            [
              -1.7804429268192092,
              53.59367657192017
            ],
            [
              -1.7799129208015787,
              53.59347397175486
            ],
            [
              -1.7791224033515536,
              53.59351662450197
            ],
            [
              -1.7785384984168757,
              53.59358060354191
            ],
            [
              -1.7774245874645676,
              53.5939698072809
            ]
          ]
        ]
      }
    },
    {
      "type": "Feature",
      "properties": {
        "WardName": "Holme Valley North",
        "NoCllrs": 3,
        "Number": 17
      },
      "geometry": {
        "type": "Polygon",
        "coordinates": [
          [
            [
              -1.8386537572301542,
              53.61519996920223
            ],
            [
              -1.8358510135437014,
              53.614949512312016
            ],
            [
              -1.8346382879101397,
              53.61462444902617
            ],
            [
              -1.8336231916390848,
              53.613015082447674
            ],
            [
              -1.8323116513242703,
              53.61175738904298
            ],
            [
              -1.8313414708174212,
              53.61112319892361
            ],
            [
              -1.8303892566162547,
              53.60988143774484
            ],
            [
              -1.8306946838128553,
              53.60970023348964
            ],
            [
              -1.8305779028259195,
              53.60907134210104
            ],
            [
              -1.8296706043889588,
              53.60818661463072
            ],
            [
              -1.8293292445809934,
              53.60812265770965
            ],
            [
              -1.8289160195502987,
              53.60837848481276
            ],
            [
              -1.8271193889820594,
              53.60866095877207
            ],
            [
              -1.8254305562479147,
              53.60908200135513
            ],
            [
              -1.8247298703263017,
              53.60934848183334
            ],
            [
              -1.82313985227341,
              53.61022785548023
            ],
            [
              -1.8228793408410153,
              53.610057311719494
            ],
            [
              -1.8229871386751095,
              53.60988143774484
            ],
            [
              -1.8227984924654448,
              53.60964693797247
            ],
            [
              -1.8213881374693768,
              53.60917260490639
            ],
            [
              -1.8208132156875405,
              53.60944441439382
            ],
            [
              -1.8189447198965716,
              53.607872158836145
            ],
            [
              -1.817884707861311,
              53.60784018014957
            ],
            [
              -1.8171391061754918,
              53.60803738166419
            ],
            [
              -1.8164474034067197,
              53.607728254555944
            ],
            [
              -1.8162587571970545,
              53.607728254555944
            ],
            [
              -1.8149921326464462,
              53.608517057179846
            ],
            [
              -1.8146507728384804,
              53.60842645222206
            ],
            [
              -1.8143453456418799,
              53.60817595515061
            ],
            [
              -1.8128541422702416,
              53.607904137498466
            ],
            [
              -1.8122612541827228,
              53.607973424517105
            ],
            [
              -1.8111922589946203,
              53.607877488614875
            ],
            [
              -1.810850899186655,
              53.60842645222206
            ],
            [
              -1.8105993709071015,
              53.6086502994117
            ],
            [
              -1.8104197078502777,
              53.608612991629144
            ],
            [
              -1.8102849605576596,
              53.60870359618669
            ],
            [
              -1.8103927583917538,
              53.60883683782996
            ],
            [
              -1.8098088534570762,
              53.60931117466761
            ],
            [
              -1.8087578245746565,
              53.608730244548994
            ],
            [
              -1.807221705438812,
              53.60821859305493
            ],
            [
              -1.8044009954466766,
              53.60810133871441
            ],
            [
              -1.804095568250076,
              53.60824524172328
            ],
            [
              -1.8033589497170983,
              53.608986067971315
            ],
            [
              -1.8021552072363782,
              53.60883683782996
            ],
            [
              -1.7991817836459423,
              53.6090073865199
            ],
            [
              -1.7961544611384594,
              53.609972039580825
            ],
            [
              -1.794519527321362,
              53.60984413104997
            ],
            [
              -1.7920042445258273,
              53.61036109231402
            ],
            [
              -1.7902076139575884,
              53.61046235202656
            ],
            [
              -1.7899021867609877,
              53.6103504333828
            ],
            [
              -1.790045917206447,
              53.61048899927896
            ],
            [
              -1.7895518438001812,
              53.61048899927896
            ],
            [
              -1.7891206524638037,
              53.61060091755547
            ],
            [
              -1.7889769220183447,
              53.61079810617803
            ],
            [
              -1.7880516572757015,
              53.610627564720446
            ],
            [
              -1.7874228365768179,
              53.61141098385574
            ],
            [
              -1.7855992565500551,
              53.61165613243604
            ],
            [
              -1.7850602673795835,
              53.61221570538487
            ],
            [
              -1.7839553395801167,
              53.612434203285005
            ],
            [
              -1.7834612661738507,
              53.612668687578584
            ],
            [
              -1.7814670062431055,
              53.61297244938637
            ],
            [
              -1.780245297456703,
              53.61339877806217
            ],
            [
              -1.779876988190214,
              53.613190943370476
            ],
            [
              -1.7799219039544198,
              53.612727308448505
            ],
            [
              -1.7794278305481541,
              53.612434203285005
            ],
            [
              -1.7783857848185756,
              53.61255677478272
            ],
            [
              -1.777999509246404,
              53.61314831048674
            ],
            [
              -1.7769664466696666,
              53.61356930832716
            ],
            [
              -1.776571187944654,
              53.61431537013808
            ],
            [
              -1.7762747439008946,
              53.6139796439546
            ],
            [
              -1.7740828546076428,
              53.612684675096624
            ],
            [
              -1.7727174153757812,
              53.61213043760491
            ],
            [
              -1.7702470483444526,
              53.612173071516416
            ],
            [
              -1.7682438052608662,
              53.612391569637175
            ],
            [
              -1.7673365068239053,
              53.612343606731926
            ],
            [
              -1.7667436187363863,
              53.611597510078944
            ],
            [
              -1.7656386909369195,
              53.61122445680857
            ],
            [
              -1.7656027583255547,
              53.61089403544522
            ],
            [
              -1.7649200387096238,
              53.61012659520535
            ],
            [
              -1.764327150622105,
              53.60988676726997
            ],
            [
              -1.7643451169277873,
              53.60901804579015
            ],
            [
              -1.7640307065783456,
              53.608389144241755
            ],
            [
              -1.7637162962289037,
              53.60842112251259
            ],
            [
              -1.7636264647004918,
              53.60818128489099
            ],
            [
              -1.7631503575999083,
              53.60788814817033
            ],
            [
              -1.7616771205339523,
              53.60758967960045
            ],
            [
              -1.761380676490193,
              53.6073551671014
            ],
            [
              -1.7612998281146222,
              53.60693943719799
            ],
            [
              -1.7606260916515326,
              53.60668893130588
            ],
            [
              -1.7603476139134555,
              53.60669426123395
            ],
            [
              -1.7602218497736788,
              53.60538840875057
            ],
            [
              -1.7603476139134555,
              53.60486072629269
            ],
            [
              -1.7591798040441,
              53.60450360412081
            ],
            [
              -1.7583623371355512,
              53.60484473581226
            ],
            [
              -1.7572663924889256,
              53.603240326832
            ],
            [
              -1.7565118076502653,
              53.602488738872765
            ],
            [
              -1.7565746897201535,
              53.602344816248504
            ],
            [
              -1.7548678906803263,
              53.60022856400719
            ],
            [
              -1.7549038232916911,
              53.600052649098366
            ],
            [
              -1.7553709472394334,
              53.59966883220891
            ],
            [
              -1.7552451830996567,
              53.59953556163997
            ],
            [
              -1.7551823010297682,
              53.59744582413528
            ],
            [
              -1.7559099364099051,
              53.59734453321119
            ],
            [
              -1.7559099364099051,
              53.59723791092342
            ],
            [
              -1.754849924374644,
              53.59584113410139
            ],
            [
              -1.7544366993439489,
              53.59434834446457
            ],
            [
              -1.7550116211257853,
              53.59414574752048
            ],
            [
              -1.7550206042786267,
              53.59399646494005
            ],
            [
              -1.7565387571087887,
              53.59368723505983
            ],
            [
              -1.7568172348468658,
              53.59343665056582
            ],
            [
              -1.756781302235501,
              53.59326070737347
            ],
            [
              -1.7575718196855261,
              53.59281284866873
            ],
            [
              -1.75775148274235,
              53.592482283246454
            ],
            [
              -1.757607752296891,
              53.59229567259187
            ],
            [
              -1.7591887871969412,
              53.59213571994623
            ],
            [
              -1.7588025116247699,
              53.591367938818664
            ],
            [
              -1.7590091241401173,
              53.5911066767815
            ],
            [
              -1.7581467414673626,
              53.590973379201436
            ],
            [
              -1.7573652071701786,
              53.59063213548039
            ],
            [
              -1.7575089376156379,
              53.590365536905864
            ],
            [
              -1.7571765609605134,
              53.58968303689066
            ],
            [
              -1.759503197546383,
              53.589549734819705
            ],
            [
              -1.7605362601231205,
              53.58918715105937
            ],
            [
              -1.7614076259487166,
              53.5886752628073
            ],
            [
              -1.7596559111446834,
              53.58703824521445
            ],
            [
              -1.7580030110219036,
              53.58632369648325
            ],
            [
              -1.7570058810565308,
              53.58609439843447
            ],
            [
              -1.7566465549428831,
              53.58604640566216
            ],
            [
              -1.75572129020024,
              53.587160890423704
            ],
            [
              -1.7534036367672117,
              53.58646767369204
            ],
            [
              -1.7530712601120872,
              53.58692093207257
            ],
            [
              -1.7525682035529804,
              53.58673429685754
            ],
            [
              -1.7523436247319504,
              53.58609973096136
            ],
            [
              -1.7514992083648782,
              53.58585443402797
            ],
            [
              -1.752226843745015,
              53.58485190132685
            ],
            [
              -1.7513464947665778,
              53.58455326996804
            ],
            [
              -1.7513195453080543,
              53.584435949928356
            ],
            [
              -1.7518226018671612,
              53.5843132968114
            ],
            [
              -1.751903450242732,
              53.58420664163779
            ],
            [
              -1.7531700747933405,
              53.58429196579822
            ],
            [
              -1.753565333518353,
              53.58381201515525
            ],
            [
              -1.75489484013885,
              53.58411065175142
            ],
            [
              -1.7561614646894586,
              53.58391867132469
            ],
            [
              -1.7570058810565308,
              53.58397733210314
            ],
            [
              -1.7590630230571644,
              53.58334805768654
            ],
            [
              -1.7601140519395844,
              53.58335339055996
            ],
            [
              -1.761021350376545,
              53.58299608655451
            ],
            [
              -1.7617759352152054,
              53.58299608655451
            ],
            [
              -1.7618118678265702,
              53.583124076396174
            ],
            [
              -1.7622700086214713,
              53.583220068523104
            ],
            [
              -1.7625035705953422,
              53.58344938216609
            ],
            [
              -1.7629617113902434,
              53.58339072065491
            ],
            [
              -1.763455784796509,
              53.583492045032195
            ],
            [
              -1.763321037503891,
              53.58380134952351
            ],
            [
              -1.7638959592857275,
              53.58428130028757
            ],
            [
              -1.7638510435215216,
              53.584686587799666
            ],
            [
              -1.7642912180107402,
              53.58501188154398
            ],
            [
              -1.7644349484561992,
              53.58531584228823
            ],
            [
              -1.7649200387096238,
              53.585454490322775
            ],
            [
              -1.7649200387096238,
              53.585817106108955
            ],
            [
              -1.765306314281795,
              53.5857317850274
            ],
            [
              -1.7658542866051081,
              53.58588109680708
            ],
            [
              -1.766267511635803,
              53.58542782727452
            ],
            [
              -1.7665549725267213,
              53.58538516636237
            ],
            [
              -1.7670220964744636,
              53.585614468259
            ],
            [
              -1.7672556584483345,
              53.585630466019346
            ],
            [
              -1.767183793225605,
              53.585817106108955
            ],
            [
              -1.7673454899767465,
              53.585902427018276
            ],
            [
              -1.7680821085097245,
              53.58582777123203
            ],
            [
              -1.7688187270427027,
              53.585886429360905
            ],
            [
              -1.7686749965972433,
              53.58637702143259
            ],
            [
              -1.7693397499074919,
              53.58662231533289
            ],
            [
              -1.7691960194620326,
              53.58688360509548
            ],
            [
              -1.7693666993660153,
              53.587896754204856
            ],
            [
              -1.7696002613398867,
              53.58805139061665
            ],
            [
              -1.7702919641086585,
              53.5879500771694
            ],
            [
              -1.7704536608598,
              53.58806738745452
            ],
            [
              -1.770444677706959,
              53.58832333603719
            ],
            [
              -1.769663143409775,
              53.58876591013705
            ],
            [
              -1.771091464711525,
              53.58957106317931
            ],
            [
              -1.7724658870962278,
              53.5895070780682
            ],
            [
              -1.773993023079231,
              53.590301552997715
            ],
            [
              -1.7739660736207075,
              53.59117065947058
            ],
            [
              -1.774352349192879,
              53.592098397575114
            ],
            [
              -1.7751338834900627,
              53.592924813789935
            ],
            [
              -1.776059148232706,
              53.59348996654009
            ],
            [
              -1.7774784863816147,
              53.59399113340957
            ],
            [
              -1.7785025658055111,
              53.59359126670579
            ],
            [
              -1.7791224033515536,
              53.59351662450197
            ],
            [
              -1.7799129208015787,
              53.59347397175486
            ],
            [
              -1.7804429268192092,
              53.59367657192017
            ],
            [
              -1.780945983378316,
              53.59328736548
            ],
            [
              -1.7807034382516038,
              53.59313274822792
            ],
            [
              -1.781080730670934,
              53.5929088187908
            ],
            [
              -1.782140742706195,
              53.59345264536517
            ],
            [
              -1.783236687352821,
              53.59330869195313
            ],
            [
              -1.7827515970993963,
              53.59257292240991
            ],
            [
              -1.7858507848296086,
              53.591453248521766
            ],
            [
              -1.7841080531784168,
              53.59029088900361
            ],
            [
              -1.7842607667767172,
              53.59012559675072
            ],
            [
              -1.7848626380170771,
              53.589880323183955
            ],
            [
              -1.786093329956321,
              53.590637467434725
            ],
            [
              -1.7875575838694358,
              53.590242900996785
            ],
            [
              -1.7872252072143116,
              53.589821670598354
            ],
            [
              -1.7881325056512722,
              53.5893951038906
            ],
            [
              -1.7884469160007141,
              53.58958705944197
            ],
            [
              -1.7892464166035804,
              53.58909650463318
            ],
            [
              -1.789965068830876,
              53.58886188945074
            ],
            [
              -1.7912766091456904,
              53.58860061191916
            ],
            [
              -1.790881350420678,
              53.58819536193963
            ],
            [
              -1.7922018738883336,
              53.58781143732168
            ],
            [
              -1.792264755958222,
              53.587518159222086
            ],
            [
              -1.792489334779252,
              53.587384850322174
            ],
            [
              -1.7942141001247616,
              53.586942261758956
            ],
            [
              -1.7948788534350097,
              53.5866649749963
            ],
            [
              -1.7964778546407425,
              53.58813137474551
            ],
            [
              -1.797690580274304,
              53.587678129346905
            ],
            [
              -1.799577042370955,
              53.587160890423704
            ],
            [
              -1.7996668738993669,
              53.58727820289949
            ],
            [
              -1.800358576668139,
              53.58718221998897
            ],
            [
              -1.8030625056733387,
              53.58634502647107
            ],
            [
              -1.8038350568176813,
              53.58621171387067
            ],
            [
              -1.8046165911148653,
              53.586222378894185
            ],
            [
              -1.805802367289903,
              53.586003745374384
            ],
            [
              -1.8060988113336627,
              53.58585443402797
            ],
            [
              -1.8064671206001517,
              53.58541182943751
            ],
            [
              -1.8078056103734896,
              53.585417162050526
            ],
            [
              -1.8074912000240482,
              53.58588109680708
            ],
            [
              -1.8086320604348798,
              53.58540116420948
            ],
            [
              -1.8093686789678576,
              53.58567845926396
            ],
            [
              -1.8094495273434286,
              53.58540116420948
            ],
            [
              -1.8101861458764068,
              53.58546515553738
            ],
            [
              -1.8106083540599425,
              53.58421197440286
            ],
            [
              -1.8141387331265322,
              53.584275967531255
            ],
            [
              -1.8153334924544116,
              53.58417464503322
            ],
            [
              -1.815558071275441,
              53.58406265672648
            ],
            [
              -1.8149112842708752,
              53.58347604646244
            ],
            [
              -1.8141926320435795,
              53.583204069850424
            ],
            [
              -1.8130966873969538,
              53.58313474219882
            ],
            [
              -1.8132314346895715,
              53.58296408903354
            ],
            [
              -1.813249400995254,
              53.58230813451549
            ],
            [
              -1.8147316212140514,
              53.582446792416555
            ],
            [
              -1.8147765369782571,
              53.5823241335273
            ],
            [
              -1.8153065429958877,
              53.58242012747091
            ],
            [
              -1.8228074756182857,
              53.57796684557616
            ],
            [
              -1.8224840821160027,
              53.57705479823453
            ],
            [
              -1.8270834563706946,
              53.57586003978451
            ],
            [
              -1.829176530982693,
              53.5746972513742
            ],
            [
              -1.8316738474725454,
              53.573811803890216
            ],
            [
              -1.8315840159441334,
              53.57366778357025
            ],
            [
              -1.834225062879445,
              53.572296898930524
            ],
            [
              -1.8381507006710471,
              53.57092063540373
            ],
            [
              -1.8449689136775145,
              53.569544327083925
            ],
            [
              -1.850978642928274,
              53.56888816432624
            ],
            [
              -1.8535298583351736,
              53.568701449485715
            ],
            [
              -1.8611475719445068,
              53.568658771692114
            ],
            [
              -1.8671662843481078,
              53.5675384642068
            ],
            [
              -1.8748828126386945,
              53.56628475159549
            ],
            [
              -1.8819615370775562,
              53.56448147424606
            ],
            [
              -1.8847373313054858,
              53.56900019283486
            ],
            [
              -1.888438390276058,
              53.57448389223041
            ],
            [
              -1.890423667053962,
              53.57329439527106
            ],
            [
              -1.8984186730826258,
              53.57913487747131
            ],
            [
              -1.9007632759741777,
              53.5805962052636
            ],
            [
              -1.9025509233895757,
              53.5815561741303
            ],
            [
              -1.90431162134645,
              53.58373202285157
            ],
            [
              -1.9051201051021576,
              53.58501188154398
            ],
            [
              -1.9059016393993415,
              53.58671829951502
            ],
            [
              -1.9069436851289203,
              53.59117599135695
            ],
            [
              -1.905281801853299,
              53.59473754113149
            ],
            [
              -1.905057223032269,
              53.594918809588194
            ],
            [
              -1.8969005202524638,
              53.59649687858941
            ],
            [
              -1.8966130593615456,
              53.5950467633247
            ],
            [
              -1.8923730112205015,
              53.59622498576858
            ],
            [
              -1.8895972169925723,
              53.59730721544107
            ],
            [
              -1.8797786309371458,
              53.60559095178139
            ],
            [
              -1.8805511820814884,
              53.60650771335127
            ],
            [
              -1.8811440701690076,
              53.60662497211657
            ],
            [
              -1.8809644071121836,
              53.60798408404836
            ],
            [
              -1.8803894853303469,
              53.608133317203226
            ],
            [
              -1.8768501231109163,
              53.609870778692525
            ],
            [
              -1.8763021507876034,
              53.60947106228861
            ],
            [
              -1.8745414528307291,
              53.60979616525102
            ],
            [
              -1.8730502494590904,
              53.61064888244031
            ],
            [
              -1.8713793830306282,
              53.609694903940955
            ],
            [
              -1.8719902374238298,
              53.60934315224025
            ],
            [
              -1.8707415791789033,
              53.60812265770965
            ],
            [
              -1.8665105141907006,
              53.60895941977048
            ],
            [
              -1.8660613565486406,
              53.607579019969656
            ],
            [
              -1.8582370304239597,
              53.609561665005124
            ],
            [
              -1.858254996729642,
              53.60823991199096
            ],
            [
              -1.8573027825284751,
              53.60757369015326
            ],
            [
              -1.8566020966068622,
              53.60741912518485
            ],
            [
              -1.8517511940726166,
              53.60750973230391
            ],
            [
              -1.8512211880549865,
              53.60763231809671
            ],
            [
              -1.8465319822718824,
              53.60950836931307
            ],
            [
              -1.846648763258818,
              53.61059558812045
            ],
            [
              -1.8474123312503197,
              53.611474935796515
            ],
            [
              -1.8476638595298729,
              53.612077145154984
            ],
            [
              -1.8477806405168087,
              53.612769941757314
            ],
            [
              -1.8476997921412377,
              53.61343608161649
            ],
            [
              -1.847403348097478,
              53.613489372351204
            ],
            [
              -1.847798606822491,
              53.61474701416557
            ],
            [
              -1.8453551892496858,
              53.61474701416557
            ],
            [
              -1.8398215670995097,
              53.61520529805608
            ],
            [
              -1.8386537572301542,
              53.61519996920223
            ]
          ]
        ]
      }
    },
    {
      "type": "Feature",
      "properties": {
        "WardName": "Denby Dale",
        "NoCllrs": 3,
        "Number": 11
      },
      "geometry": {
        "type": "Polygon",
        "coordinates": [
          [
            [
              -1.6284569638990274,
              53.62891421183685
            ],
            [
              -1.6283761155234566,
              53.628722434972055
            ],
            [
              -1.6274418676279723,
              53.62825364341111
            ],
            [
              -1.627244238265466,
              53.62846140395003
            ],
            [
              -1.6262740577586168,
              53.62847205830907
            ],
            [
              -1.6256721865182568,
              53.627992609489205
            ],
            [
              -1.625357776168815,
              53.627971300526355
            ],
            [
              -1.6254296413915446,
              53.62781681022372
            ],
            [
              -1.6247648880812962,
              53.627971300526355
            ],
            [
              -1.6238575896443352,
              53.62786475555058
            ],
            [
              -1.6231479205698809,
              53.62807251800415
            ],
            [
              -1.622959274360216,
              53.62795531879713
            ],
            [
              -1.6221148579931435,
              53.627875410060255
            ],
            [
              -1.6218992623249548,
              53.627497173319234
            ],
            [
              -1.6212345090147064,
              53.62744390026645
            ],
            [
              -1.620668570385711,
              53.627651664792054
            ],
            [
              -1.619931951852733,
              53.62743857295748
            ],
            [
              -1.619653474114656,
              53.62722548004686
            ],
            [
              -1.6189527881930428,
              53.62725211671953
            ],
            [
              -1.618090405520288,
              53.62687387439188
            ],
            [
              -1.6170932755549154,
              53.62679396360719
            ],
            [
              -1.6171831070833274,
              53.626548902923915
            ],
            [
              -1.6166261516071732,
              53.626602177106534
            ],
            [
              -1.6165812358429672,
              53.62647431895523
            ],
            [
              -1.6160512298253367,
              53.626405062294886
            ],
            [
              -1.6160512298253367,
              53.626122707041716
            ],
            [
              -1.615880549921354,
              53.62600550241953
            ],
            [
              -1.615467324890659,
              53.626080087216785
            ],
            [
              -1.6146947737463162,
              53.625984192453274
            ],
            [
              -1.61449714438381,
              53.62585633242964
            ],
            [
              -1.6143893465497157,
              53.62549938781344
            ],
            [
              -1.6137066269337847,
              53.62501990521932
            ],
            [
              -1.6136976437809436,
              53.624876059378806
            ],
            [
              -1.6138862899906088,
              53.62482811065636
            ],
            [
              -1.6136796774752613,
              53.624572383216545
            ],
            [
              -1.612970008400807,
              53.624327309632704
            ],
            [
              -1.6127094969684121,
              53.624327309632704
            ],
            [
              -1.6124040697718116,
              53.623959696588656
            ],
            [
              -1.6118650806013397,
              53.62397567983106
            ],
            [
              -1.6117033838501984,
              53.62341093492773
            ],
            [
              -1.6110116810814263,
              53.62335232889179
            ],
            [
              -1.6106613381206196,
              53.62318716598898
            ],
            [
              -1.610823034871761,
              53.62298470735546
            ],
            [
              -1.6100325174217358,
              53.622872821904465
            ],
            [
              -1.6090982695262517,
              53.62228142245075
            ],
            [
              -1.6091431852904576,
              53.62212158333809
            ],
            [
              -1.6082179205478146,
              53.62153017335816
            ],
            [
              -1.6080921564080377,
              53.62131705061353
            ],
            [
              -1.6082987689233854,
              53.621274425935475
            ],
            [
              -1.6082179205478146,
              53.620778910894344
            ],
            [
              -1.6078046955171195,
              53.620320687507494
            ],
            [
              -1.6078585944341668,
              53.62015551274134
            ],
            [
              -1.6077148639887076,
              53.62002230681397
            ],
            [
              -1.6079035101983727,
              53.61994771131105
            ],
            [
              -1.6075172346262014,
              53.619574731818986
            ],
            [
              -1.6060978964772923,
              53.61956407521366
            ],
            [
              -1.6055948399181856,
              53.61929765920578
            ],
            [
              -1.6055768736125031,
              53.61916977892473
            ],
            [
              -1.6058194187392154,
              53.61913248043645
            ],
            [
              -1.6058194187392154,
              53.61885540492033
            ],
            [
              -1.6054511094727264,
              53.61870088124643
            ],
            [
              -1.6051905980403316,
              53.61865825392649
            ],
            [
              -1.6048133056210017,
              53.618748836929896
            ],
            [
              -1.6044449963545124,
              53.618572999157486
            ],
            [
              -1.6042204175334827,
              53.6186475970898
            ],
            [
              -1.6039419397954056,
              53.618343876112604
            ],
            [
              -1.6030615908169685,
              53.61795489693288
            ],
            [
              -1.6028370119959385,
              53.61824796377108
            ],
            [
              -1.6025226016464966,
              53.618146722729726
            ],
            [
              -1.602630399480591,
              53.617981539456785
            ],
            [
              -1.6023609048953553,
              53.61740072862327
            ],
            [
              -1.601750050502154,
              53.61761919969089
            ],
            [
              -1.6019746293231838,
              53.61784832666908
            ],
            [
              -1.6017859831135186,
              53.618040152950186
            ],
            [
              -1.6009056341350816,
              53.61804548144555
            ],
            [
              -1.6008337689123522,
              53.618178693611135
            ],
            [
              -1.600699021619734,
              53.61817336513256
            ],
            [
              -1.6000881672265328,
              53.61793358290165
            ],
            [
              -1.5994593465276492,
              53.61748598575977
            ],
            [
              -1.598758660606036,
              53.61735809999044
            ],
            [
              -1.598534081785006,
              53.61714495618059
            ],
            [
              -1.597114743636097,
              53.61709699867508
            ],
            [
              -1.5967644006752906,
              53.616857210330245
            ],
            [
              -1.5964499903258487,
              53.61680392384643
            ],
            [
              -1.5957133717928706,
              53.61687319626228
            ],
            [
              -1.5958930348496947,
              53.61642025917749
            ],
            [
              -1.5951564163167167,
              53.61635098601843
            ],
            [
              -1.5951474331638753,
              53.61620711063255
            ],
            [
              -1.5948689554257984,
              53.61604724851762
            ],
            [
              -1.5942850504911208,
              53.61614849459402
            ],
            [
              -1.5942131852683912,
              53.61585008440882
            ],
            [
              -1.594392848325215,
              53.61571153610586
            ],
            [
              -1.5947431912860217,
              53.61572219368377
            ],
            [
              -1.594662342910451,
              53.61555700092382
            ],
            [
              -1.5932789373729068,
              53.615061418765734
            ],
            [
              -1.5925243525342465,
              53.61492819676338
            ],
            [
              -1.5919134981410452,
              53.614667080419366
            ],
            [
              -1.5916350204029681,
              53.614011617991856
            ],
            [
              -1.591266711136479,
              53.614011617991856
            ],
            [
              -1.590530092603501,
              53.613500030490066
            ],
            [
              -1.5900270360443942,
              53.61332417085465
            ],
            [
              -1.590161783337012,
              53.61307903195888
            ],
            [
              -1.58947008056824,
              53.61283389163986
            ],
            [
              -1.5891916028301631,
              53.611965230791235
            ],
            [
              -1.589011939773339,
              53.6117733769061
            ],
            [
              -1.5886975294238972,
              53.6117254132986
            ],
            [
              -1.5883471864630907,
              53.61141098385574
            ],
            [
              -1.5884729506028674,
              53.61125110358004
            ],
            [
              -1.5883471864630907,
              53.61116050448842
            ],
            [
              -1.5878441299039838,
              53.6110965520714
            ],
            [
              -1.5879429445852369,
              53.610840741434814
            ],
            [
              -1.587170393440894,
              53.61069684727064
            ],
            [
              -1.5866853031874695,
              53.6103504333828
            ],
            [
              -1.5867122526459931,
              53.60999868714267
            ],
            [
              -1.5865595390476928,
              53.60986011963754
            ],
            [
              -1.586802084174405,
              53.60970556303764
            ],
            [
              -1.5868649662442935,
              53.60920991219454
            ],
            [
              -1.5866763200346283,
              53.60906068284422
            ],
            [
              -1.5868649662442935,
              53.609012716155355
            ],
            [
              -1.5866403874232635,
              53.60862898068286
            ],
            [
              -1.586110381405633,
              53.608469089873466
            ],
            [
              -1.5860924150999507,
              53.60828787955766
            ],
            [
              -1.5860924150999507,
              53.608117327961864
            ],
            [
              -1.586658353728946,
              53.60743511469055
            ],
            [
              -1.5864517412135986,
              53.60717395200565
            ],
            [
              -1.587026662995435,
              53.60702471546055
            ],
            [
              -1.587538702707383,
              53.60669426123395
            ],
            [
              -1.5881046413363784,
              53.60648639354079
            ],
            [
              -1.588401085380138,
              53.60665162179054
            ],
            [
              -1.5890658386903864,
              53.606742230556286
            ],
            [
              -1.589227535441528,
              53.60693943719799
            ],
            [
              -1.5897485583063171,
              53.60696075677977
            ],
            [
              -1.5899372045159823,
              53.6071046636753
            ],
            [
              -1.5911499301495438,
              53.606779539991585
            ],
            [
              -1.589568895249493,
              53.6053830786577
            ],
            [
              -1.5880776918778547,
              53.60376802953515
            ],
            [
              -1.5875566690130654,
              53.60345887117556
            ],
            [
              -1.5874039554147652,
              53.60361878095444
            ],
            [
              -1.5871524271352118,
              53.60363477189904
            ],
            [
              -1.5870356461482762,
              53.60381600218125
            ],
            [
              -1.586900898855658,
              53.603784020423234
            ],
            [
              -1.5856163079993675,
              53.602008994884756
            ],
            [
              -1.5851940998158311,
              53.600532415306034
            ],
            [
              -1.5851491840516252,
              53.600180587286516
            ],
            [
              -1.5857061395277794,
              53.60024988697667
            ],
            [
              -1.58661343796474,
              53.59984474871613
            ],
            [
              -1.5861732634755215,
              53.59957287744164
            ],
            [
              -1.5861463140169978,
              53.59902379874799
            ],
            [
              -1.5865056401306457,
              53.596832743775806
            ],
            [
              -1.5879788771966017,
              53.593484634945696
            ],
            [
              -1.5888771924807212,
              53.59348996654009
            ],
            [
              -1.5894790637210812,
              53.59391649191213
            ],
            [
              -1.5896317773193815,
              53.59388983420253
            ],
            [
              -1.5906828062018015,
              53.592530268710156
            ],
            [
              -1.5914373910404618,
              53.592146383474784
            ],
            [
              -1.5924884199228817,
              53.59199176204748
            ],
            [
              -1.593880808613267,
              53.591277297070405
            ],
            [
              -1.5949318374956867,
              53.59090939621364
            ],
            [
              -1.5976716991122513,
              53.590237568992656
            ],
            [
              -1.5979681431560109,
              53.58940043600104
            ],
            [
              -1.5996120601259496,
              53.5892404723957
            ],
            [
              -1.5995581612089023,
              53.58899519369145
            ],
            [
              -1.5992886666236665,
              53.58885655727237
            ],
            [
              -1.601750050502154,
              53.587758114182236
            ],
            [
              -1.6011661455674762,
              53.58678762128878
            ],
            [
              -1.6004025775759747,
              53.586206381357904
            ],
            [
              -1.6015524211396477,
              53.5857104547301
            ],
            [
              -1.601938696711819,
              53.585289179152504
            ],
            [
              -1.602576500563544,
              53.58493722418466
            ],
            [
              -1.6021273429214842,
              53.58415864672185
            ],
            [
              -1.6023339554368317,
              53.58368936022772
            ],
            [
              -1.602307005978308,
              53.58296942195537
            ],
            [
              -1.6017859831135186,
              53.582612114704105
            ],
            [
              -1.6015614042924888,
              53.58188682502551
            ],
            [
              -1.6012739434015706,
              53.581582839620964
            ],
            [
              -1.6008427520651933,
              53.581364182101005
            ],
            [
              -1.6007080047725755,
              53.58112419083811
            ],
            [
              -1.5992886666236665,
              53.58077753438623
            ],
            [
              -1.598902391051495,
              53.58032421012122
            ],
            [
              -1.5984173007980704,
              53.579972213809626
            ],
            [
              -1.5980130589202168,
              53.579828214473714
            ],
            [
              -1.5983813681867056,
              53.579257545615086
            ],
            [
              -1.5985610312435297,
              53.57918287809171
            ],
            [
              -1.5994773128333315,
              53.57917221129189
            ],
            [
              -1.5996749421958378,
              53.57906554314563
            ],
            [
              -1.5998995210168676,
              53.5781001841822
            ],
            [
              -1.6002678302833568,
              53.57733748167842
            ],
            [
              -1.5991629024838896,
              53.5771668051082
            ],
            [
              -1.5974561034440626,
              53.5772894789627
            ],
            [
              -1.5966925354525612,
              53.577129469516606
            ],
            [
              -1.5963601587974368,
              53.577172138761455
            ],
            [
              -1.5961984620462952,
              53.57698546049733
            ],
            [
              -1.5966296533826727,
              53.57681478250596
            ],
            [
              -1.5977884800991868,
              53.576777446603494
            ],
            [
              -1.5983723850338645,
              53.5766014340478
            ],
            [
              -1.60201954508739,
              53.574755924950004
            ],
            [
              -1.604139569157912,
              53.57385981055451
            ],
            [
              -1.6051816148874904,
              53.57326239040629
            ],
            [
              -1.6061877280057044,
              53.572947674612266
            ],
            [
              -1.6064392562852579,
              53.57279831714465
            ],
            [
              -1.6071938411239182,
              53.571507419904414
            ],
            [
              -1.6077058808358664,
              53.571427404315614
            ],
            [
              -1.6079933417267847,
              53.57164611323301
            ],
            [
              -1.6091521684432988,
              53.57185948669644
            ],
            [
              -1.6095114945569464,
              53.572040853293814
            ],
            [
              -1.6098169217535472,
              53.57191816421013
            ],
            [
              -1.6108050685660786,
              53.5700511124894
            ],
            [
              -1.61141592295928,
              53.56958166937368
            ],
            [
              -1.612152541492258,
              53.56877080080842
            ],
            [
              -1.6122962719377172,
              53.56839736926667
            ],
            [
              -1.6121166088808931,
              53.567927907793
            ],
            [
              -1.612161524645099,
              53.56762382201198
            ],
            [
              -1.6130418736235363,
              53.56644480208333
            ],
            [
              -1.6143983297025568,
              53.56506834809473
            ],
            [
              -1.614829521038934,
              53.56488161638978
            ],
            [
              -1.6164375053975082,
              53.56451348575686
            ],
            [
              -1.6156290216418006,
              53.56303026031217
            ],
            [
              -1.6165093706202378,
              53.563014253998524
            ],
            [
              -1.6171292081662803,
              53.56322233560342
            ],
            [
              -1.617254972306057,
              53.563104956362395
            ],
            [
              -1.618135321284494,
              53.56322767101573
            ],
            [
              -1.6184407484810948,
              53.56308361464721
            ],
            [
              -1.6202194127436513,
              53.56318498769843
            ],
            [
              -1.6205338230930932,
              53.563014253998524
            ],
            [
              -1.6210458628050413,
              53.56307827921673
            ],
            [
              -1.6217824813380193,
              53.56283284868726
            ],
            [
              -1.6220789253817787,
              53.562907545086105
            ],
            [
              -1.6228335102204392,
              53.56287553235989
            ],
            [
              -1.622968257513057,
              53.563035595748694
            ],
            [
              -1.6237408086573997,
              53.56320632936245
            ],
            [
              -1.624899635373914,
              53.56325968347544
            ],
            [
              -1.6256721865182568,
              53.56350511152833
            ],
            [
              -1.626507619732488,
              53.56346242849099
            ],
            [
              -1.6270376257501185,
              53.56359581283967
            ],
            [
              -1.6279718736456026,
              53.563243677248614
            ],
            [
              -1.6280527220211736,
              53.563430416184715
            ],
            [
              -1.628304250300727,
              53.56349444077302
            ],
            [
              -1.6284210312876626,
              53.5633557207092
            ],
            [
              -1.6299571504235069,
              53.56336105610469
            ],
            [
              -1.6302535944672665,
              53.563430416184715
            ],
            [
              -1.6317717472974282,
              53.56320099394747
            ],
            [
              -1.6324724332190417,
              53.56321700019043
            ],
            [
              -1.6327778604156422,
              53.56311029178951
            ],
            [
              -1.6329126077082603,
              53.563211664776794
            ],
            [
              -1.633083287612243,
              53.563136968914975
            ],
            [
              -1.6332988832804314,
              53.56318498769843
            ],
            [
              -1.6334875294900968,
              53.56295556413
            ],
            [
              -1.633685158852603,
              53.56303026031217
            ],
            [
              -1.63456550783104,
              53.562966235021236
            ],
            [
              -1.6346463562066107,
              53.56286486144576
            ],
            [
              -1.6356345030191424,
              53.56260875869924
            ],
            [
              -1.6367573971242917,
              53.56264077162738
            ],
            [
              -1.636775363429974,
              53.56256073926166
            ],
            [
              -1.637089773779416,
              53.5625767457469
            ],
            [
              -1.6378084260067116,
              53.56229396361569
            ],
            [
              -1.639164882085732,
              53.56237933200545
            ],
            [
              -1.6392906462255088,
              53.562309970201895
            ],
            [
              -1.640404557177817,
              53.56227795702343
            ],
            [
              -1.641284906156254,
              53.56245402920516
            ],
            [
              -1.6421562719818499,
              53.562470035730804
            ],
            [
              -1.6433600144625702,
              53.562309970201895
            ],
            [
              -1.6439888351614538,
              53.56237399648615
            ],
            [
              -1.6448512178342085,
              53.56227795702343
            ],
            [
              -1.6465759831797182,
              53.56236866096616
            ],
            [
              -1.6482378664553392,
              53.56219258842907
            ],
            [
              -1.649100249128094,
              53.561957823906255
            ],
            [
              -1.6496931372156127,
              53.56153631160687
            ],
            [
              -1.650160261163355,
              53.56165903081099
            ],
            [
              -1.6507980650150798,
              53.56166970202932
            ],
            [
              -1.6510136606832684,
              53.56158966782633
            ],
            [
              -1.651588582465105,
              53.561109459428486
            ],
            [
              -1.6513460373383928,
              53.56085334605401
            ],
            [
              -1.6518850265088643,
              53.56073062451256
            ],
            [
              -1.6542386125532575,
              53.560511859142615
            ],
            [
              -1.654768618570888,
              53.560511859142615
            ],
            [
              -1.6547865848765706,
              53.56061323835716
            ],
            [
              -1.6565562659862858,
              53.56055988090612
            ],
            [
              -1.6563586366237797,
              53.56038380084017
            ],
            [
              -1.6575084801874527,
              53.56008499662689
            ],
            [
              -1.6580474693579244,
              53.55976484691343
            ],
            [
              -1.6575084801874527,
              53.55918857132367
            ],
            [
              -1.6585235764585076,
              53.5588897586681
            ],
            [
              -1.659278161297168,
              53.559802197838195
            ],
            [
              -1.6604639374722059,
              53.55926861006945
            ],
            [
              -1.6608681793500597,
              53.559594099408926
            ],
            [
              -1.6639314344689071,
              53.55750238654812
            ],
            [
              -1.6623324332631746,
              53.556162995685995
            ],
            [
              -1.661757511481338,
              53.55581613456659
            ],
            [
              -1.6618832756211146,
              53.55524514160746
            ],
            [
              -1.6616047978830377,
              53.55467947743315
            ],
            [
              -1.6622515848876038,
              53.554444671215165
            ],
            [
              -1.6618742924682735,
              53.553857649969544
            ],
            [
              -1.6619102250796383,
              53.553692215238435
            ],
            [
              -1.6621976859705567,
              53.55360682931771
            ],
            [
              -1.663634990425148,
              53.553724234914284
            ],
            [
              -1.6639044850103837,
              53.55362283919098
            ],
            [
              -1.6658628123297643,
              53.553574809553005
            ],
            [
              -1.6658717954826054,
              53.55348408675481
            ],
            [
              -1.6662850205133004,
              53.55344139360598
            ],
            [
              -1.6673989314656086,
              53.55342538366406
            ],
            [
              -1.6683241962082518,
              53.55350543331304
            ],
            [
              -1.668701488627582,
              53.553734908134196
            ],
            [
              -1.6694650566190834,
              53.553227927215744
            ],
            [
              -1.6706059170299152,
              53.55415116161035
            ],
            [
              -1.6749627461578949,
              53.554108469134604
            ],
            [
              -1.6772354838267174,
              53.55391101587384
            ],
            [
              -1.6790949964648447,
              53.553884332930096
            ],
            [
              -1.699037595772298,
              53.5538096205981
            ],
            [
              -1.7039783298349556,
              53.56025040636288
            ],
            [
              -1.704274773878715,
              53.56037846506915
            ],
            [
              -1.7053617353724997,
              53.561829769980996
            ],
            [
              -1.7097275476533205,
              53.56457217346375
            ],
            [
              -1.7081105801419054,
              53.565580522253725
            ],
            [
              -1.7078410855566695,
              53.56596464880285
            ],
            [
              -1.7142820061438064,
              53.57346508747412
            ],
            [
              -1.7110211216624525,
              53.57364111308681
            ],
            [
              -1.7083890578799823,
              53.573939821540534
            ],
            [
              -1.7040681613633675,
              53.57476659286411
            ],
            [
              -1.702442210699111,
              53.57524131231771
            ],
            [
              -1.7017864405417038,
              53.57534265622976
            ],
            [
              -1.7004479507683656,
              53.57585470596573
            ],
            [
              -1.6995676017899286,
              53.576014720236444
            ],
            [
              -1.699208275676281,
              53.57619606901116
            ],
            [
              -1.6989477642438862,
              53.57669744098721
            ],
            [
              -1.698516572907509,
              53.577006795197825
            ],
            [
              -1.6983818256148908,
              53.577257477121925
            ],
            [
              -1.6972409652040592,
              53.578062849414906
            ],
            [
              -1.6968367233262052,
              53.57818552066939
            ],
            [
              -1.6952197558147901,
              53.57830819156791
            ],
            [
              -1.6944472046704475,
              53.578660201735275
            ],
            [
              -1.6930188833686974,
              53.580158878885335
            ],
            [
              -1.6929739676044915,
              53.5808148667561
            ],
            [
              -1.6920127702504835,
              53.58140151395277
            ],
            [
              -1.6912222528004583,
              53.582265470454445
            ],
            [
              -1.690880892992493,
              53.58227080346444
            ],
            [
              -1.6909527582152224,
              53.58246279137586
            ],
            [
              -1.6905395331845274,
              53.58258011689248
            ],
            [
              -1.6903868195862273,
              53.583001419472325
            ],
            [
              -1.6900724092367851,
              53.583204069850424
            ],
            [
              -1.6899466450970084,
              53.58347071360452
            ],
            [
              -1.6896502010532493,
              53.58356137209773
            ],
            [
              -1.6875481432884094,
              53.5823134675201
            ],
            [
              -1.6867216932270195,
              53.582697442083415
            ],
            [
              -1.6862276198207538,
              53.583316060432026
            ],
            [
              -1.6850777762570808,
              53.58367336173267
            ],
            [
              -1.684305225112738,
              53.584606597151144
            ],
            [
              -1.6840447136803434,
              53.58516652851157
            ],
            [
              -1.6835596234269188,
              53.58552914676838
            ],
            [
              -1.6831194489377002,
              53.58569445700006
            ],
            [
              -1.683020634256447,
              53.58617971878399
            ],
            [
              -1.6823648640990398,
              53.58673429685754
            ],
            [
              -1.6815653634961734,
              53.58684627808546
            ],
            [
              -1.6806400987535304,
              53.58721421431669
            ],
            [
              -1.6759688592761088,
              53.5881793651502
            ],
            [
              -1.674046464568093,
              53.58800873235268
            ],
            [
              -1.6695279386889719,
              53.58906451173045
            ],
            [
              -1.665440604146228,
              53.59040819279083
            ],
            [
              -1.6637966871762893,
              53.591933112392546
            ],
            [
              -1.6680906342343806,
              53.59424704611397
            ],
            [
              -1.667973853247445,
              53.594476299928715
            ],
            [
              -1.666994689587755,
              53.59523869320289
            ],
            [
              -1.6662401047490942,
              53.59551059237114
            ],
            [
              -1.6655484019803222,
              53.596129023178726
            ],
            [
              -1.664757884530297,
              53.59658217793732
            ],
            [
              -1.664470423639379,
              53.59663015874482
            ],
            [
              -1.6633475295342295,
              53.59721658643358
            ],
            [
              -1.6620090397608913,
              53.59756310805981
            ],
            [
              -1.66139818536769,
              53.59793628201704
            ],
            [
              -1.6610478424068835,
              53.59792028891507
            ],
            [
              -1.660607667917665,
              53.59827213576013
            ],
            [
              -1.6597273189392279,
              53.598506698695495
            ],
            [
              -1.6599159651488928,
              53.59870394379216
            ],
            [
              -1.6605717353063,
              53.598981151560466
            ],
            [
              -1.6605807184591415,
              53.59917306356525
            ],
            [
              -1.6610747918654072,
              53.59915707093148
            ],
            [
              -1.661110724476772,
              53.59947692245642
            ],
            [
              -1.661443101131896,
              53.599780779161925
            ],
            [
              -1.6625390457785219,
              53.60031918655311
            ],
            [
              -1.6635631252024183,
              53.60163052633827
            ],
            [
              -1.6640841480672075,
              53.60352283515977
            ],
            [
              -1.6645243225564261,
              53.603821332471895
            ],
            [
              -1.6655484019803222,
              53.6040878461465
            ],
            [
              -1.6656112840502109,
              53.60444497183384
            ],
            [
              -1.666078407997953,
              53.60474346262893
            ],
            [
              -1.6661862058320471,
              53.60508992251359
            ],
            [
              -1.6665994308627423,
              53.60535642818322
            ],
            [
              -1.6669677401292313,
              53.60634248453846
            ],
            [
              -1.6681714826099514,
              53.60665695172334
            ],
            [
              -1.6687374212389467,
              53.60726988950615
            ],
            [
              -1.6686835223218994,
              53.60777622270382
            ],
            [
              -1.6688811516844058,
              53.6084051333802
            ],
            [
              -1.6692674272565773,
              53.60909799023124
            ],
            [
              -1.669581837606019,
              53.609289856272405
            ],
            [
              -1.6698333658855726,
              53.609940062484455
            ],
            [
              -1.6707676137810568,
              53.610558282056544
            ],
            [
              -1.6715581312310819,
              53.61128840903185
            ],
            [
              -1.6719533899560945,
              53.61146960647181
            ],
            [
              -1.6740374814152519,
              53.61197588931486
            ],
            [
              -1.6770558207698933,
              53.612396898845525
            ],
            [
              -1.6767863261846576,
              53.61427806736063
            ],
            [
              -1.6754298701056372,
              53.61421411966549
            ],
            [
              -1.6746124031970884,
              53.61408622398461
            ],
            [
              -1.6738757846641104,
              53.61599396101145
            ],
            [
              -1.6749807124635774,
              53.616713336669605
            ],
            [
              -1.6748639314766418,
              53.61681458114858
            ],
            [
              -1.6764090337653272,
              53.617555257056424
            ],
            [
              -1.6768312419488636,
              53.617981539456785
            ],
            [
              -1.6770558207698933,
              53.618786135757176
            ],
            [
              -1.6778553213727596,
              53.61909518191521
            ],
            [
              -1.6788434681852913,
              53.61994771131105
            ],
            [
              -1.6801370421944235,
              53.62018748210135
            ],
            [
              -1.68048738515523,
              53.62035798494586
            ],
            [
              -1.6800382275131702,
              53.62040593874679
            ],
            [
              -1.6797238171637283,
              53.62033134392181
            ],
            [
              -1.6788075355739265,
              53.6205604561792
            ],
            [
              -1.6785290578358494,
              53.62099203635616
            ],
            [
              -1.677136669145464,
              53.62192977560395
            ],
            [
              -1.6768492082545459,
              53.622297406328734
            ],
            [
              -1.6740374814152519,
              53.623272411438876
            ],
            [
              -1.6740195151095696,
              53.62364535825779
            ],
            [
              -1.6721240698600772,
              53.62390641907022
            ],
            [
              -1.6692764104094184,
              53.624050268215626
            ],
            [
              -1.6686745391690583,
              53.62416215054526
            ],
            [
              -1.6680906342343806,
              53.624124856468356
            ],
            [
              -1.666500616181489,
              53.623656013832765
            ],
            [
              -1.666868925447978,
              53.623485524310354
            ],
            [
              -1.6674977461468616,
              53.622952740113995
            ],
            [
              -1.6676953755093682,
              53.622563803403814
            ],
            [
              -1.6675336787582264,
              53.622206830940186
            ],
            [
              -1.6673090999371967,
              53.622286750410765
            ],
            [
              -1.6659167112468114,
              53.62219617499934
            ],
            [
              -1.6625120963199984,
              53.62237199767925
            ],
            [
              -1.6593500265198975,
              53.623293722774456
            ],
            [
              -1.658307980790319,
              53.62316585459962
            ],
            [
              -1.657795941078371,
              53.622681017584206
            ],
            [
              -1.6569066089470925,
              53.62211092737575
            ],
            [
              -1.6558106643004666,
              53.62212691131828
            ],
            [
              -1.6545081071384933,
              53.62262241053471
            ],
            [
              -1.6522443526225123,
              53.62279290354362
            ],
            [
              -1.6490643165167291,
              53.623730602782274
            ],
            [
              -1.648740923014446,
              53.62350150773235
            ],
            [
              -1.6485792262633048,
              53.62296872373776
            ],
            [
              -1.6488846534599053,
              53.62257445925184
            ],
            [
              -1.6488397376956994,
              53.62245191683709
            ],
            [
              -1.6478785403416913,
              53.62234002997374
            ],
            [
              -1.6447793526114791,
              53.62326175576706
            ],
            [
              -1.6434767954495058,
              53.62402362952197
            ],
            [
              -1.6427491600693689,
              53.624321981930315
            ],
            [
              -1.6369819759453217,
              53.626016157398645
            ],
            [
              -1.6364429867748498,
              53.62609074217705
            ],
            [
              -1.6360926438140433,
              53.62631449572136
            ],
            [
              -1.6358411155344899,
              53.62635178786341
            ],
            [
              -1.6356884019361895,
              53.62655423034522
            ],
            [
              -1.6347541540407051,
              53.626692743062684
            ],
            [
              -1.6346643225122932,
              53.62682060055223
            ],
            [
              -1.6342960132458042,
              53.62697509450194
            ],
            [
              -1.6341612659531863,
              53.62691649341519
            ],
            [
              -1.6333348158917962,
              53.627342681280865
            ],
            [
              -1.6325622647474536,
              53.62758241006386
            ],
            [
              -1.6325173489832476,
              53.62767830119571
            ],
            [
              -1.6322478543980117,
              53.6276463375093
            ],
            [
              -1.6322478543980117,
              53.6277315739526
            ],
            [
              -1.6313046233496862,
              53.628013918441326
            ],
            [
              -1.6312597075854802,
              53.628093826915915
            ],
            [
              -1.6315381853235573,
              53.62826429782262
            ],
            [
              -1.6313675054195744,
              53.62839215055072
            ],
            [
              -1.6299571504235069,
              53.628546638747004
            ],
            [
              -1.629085784597911,
              53.6289088847135
            ],
            [
              -1.6284569638990274,
              53.62891421183685
            ]
          ]
        ]
      }
    },
    {
      "type": "Feature",
      "properties": {
        "WardName": "Netherton & Newsome",
        "NoCllrs": 3,
        "Number": 23
      },
      "geometry": {
        "type": "Polygon",
        "coordinates": [
          [
            [
              -1.7758076199531525,
              53.64481267813809
            ],
            [
              -1.7730587751837468,
              53.64364646166274
            ],
            [
              -1.7715136728950611,
              53.64330031814645
            ],
            [
              -1.7685402493046254,
              53.642900918251364
            ],
            [
              -1.7672915910596994,
              53.64282636318538
            ],
            [
              -1.764183420176646,
              53.6430660039999
            ],
            [
              -1.7640846054953927,
              53.642725181099294
            ],
            [
              -1.7642103696351694,
              53.642395006287884
            ],
            [
              -1.7637522288402685,
              53.6423577283242
            ],
            [
              -1.7638330772158393,
              53.64159086004672
            ],
            [
              -1.762808997791943,
              53.641654766269056
            ],
            [
              -1.7620633961061238,
              53.6415855345238
            ],
            [
              -1.761389659643034,
              53.641324583078024
            ],
            [
              -1.7609315188481331,
              53.64088788521022
            ],
            [
              -1.7605632095816441,
              53.6409571181006
            ],
            [
              -1.759997270952649,
              53.64012099020803
            ],
            [
              -1.7600242204111725,
              53.63981209800418
            ],
            [
              -1.7602937149964082,
              53.63974286323437
            ],
            [
              -1.7599074394242369,
              53.63919430681032
            ],
            [
              -1.7595211638520656,
              53.63894931814174
            ],
            [
              -1.7597996415901425,
              53.638709653936935
            ],
            [
              -1.760141001398108,
              53.63877889040264
            ],
            [
              -1.7605811758873264,
              53.6381930397978
            ],
            [
              -1.7603026981492496,
              53.6379693492386
            ],
            [
              -1.7603565970662967,
              53.637676419331626
            ],
            [
              -1.7601230350924255,
              53.63727164011273
            ],
            [
              -1.760329647607773,
              53.63685087864969
            ],
            [
              -1.7600152372583313,
              53.636243696482595
            ],
            [
              -1.7595840459219538,
              53.63607858403107
            ],
            [
              -1.7589103094588643,
              53.634720376440846
            ],
            [
              -1.7581377583145215,
              53.63407055185454
            ],
            [
              -1.7580569099389507,
              53.633820206925144
            ],
            [
              -1.7581826740787274,
              53.63351659512395
            ],
            [
              -1.7577424995895088,
              53.632685646390264
            ],
            [
              -1.7574460555457494,
              53.632392679793604
            ],
            [
              -1.7570418136678956,
              53.63228614598138
            ],
            [
              -1.7569340158338012,
              53.632152978337814
            ],
            [
              -1.756736386471295,
              53.631071641509315
            ],
            [
              -1.7571585946548312,
              53.630256625486425
            ],
            [
              -1.7580479267861095,
              53.6293137441725
            ],
            [
              -1.7580030110219036,
              53.62915393169218
            ],
            [
              -1.7622340760101065,
              53.62866916346606
            ],
            [
              -1.7649649544738297,
              53.628605237570056
            ],
            [
              -1.7659800507448848,
              53.62802457291336
            ],
            [
              -1.7673185405182228,
              53.62744390026645
            ],
            [
              -1.7681809231909777,
              53.626932475537814
            ],
            [
              -1.7695373792699982,
              53.625611266301554
            ],
            [
              -1.7719358810785972,
              53.624391242009175
            ],
            [
              -1.774397264957085,
              53.621993711612184
            ],
            [
              -1.7765622047918128,
              53.62065636326654
            ],
            [
              -1.7776491662855973,
              53.61948415058783
            ],
            [
              -1.7777659472725331,
              53.61903124151642
            ],
            [
              -1.7763286428179417,
              53.61882343455148
            ],
            [
              -1.774549978555385,
              53.61825329224021
            ],
            [
              -1.7742804839701494,
              53.618397160652634
            ],
            [
              -1.7729958931138583,
              53.61769912784777
            ],
            [
              -1.773445050755918,
              53.617033055249614
            ],
            [
              -1.774226585053102,
              53.61642558787732
            ],
            [
              -1.7759064346344056,
              53.61614316585922
            ],
            [
              -1.776481356416242,
              53.61595665971713
            ],
            [
              -1.7767688173071603,
              53.61570087852525
            ],
            [
              -1.7771550928793318,
              53.615647590581894
            ],
            [
              -1.777029328739555,
              53.61493352565156
            ],
            [
              -1.776571187944654,
              53.61431537013808
            ],
            [
              -1.7766250868617013,
              53.614048921004716
            ],
            [
              -1.7769664466696666,
              53.61356930832716
            ],
            [
              -1.7780803576219748,
              53.613089690201335
            ],
            [
              -1.7783857848185756,
              53.61255677478272
            ],
            [
              -1.7794278305481541,
              53.612434203285005
            ],
            [
              -1.7799219039544198,
              53.612727308448505
            ],
            [
              -1.779876988190214,
              53.613190943370476
            ],
            [
              -1.780245297456703,
              53.61339877806217
            ],
            [
              -1.7814670062431055,
              53.61297244938637
            ],
            [
              -1.7834612661738507,
              53.612668687578584
            ],
            [
              -1.7839553395801167,
              53.612434203285005
            ],
            [
              -1.7850602673795835,
              53.61221570538487
            ],
            [
              -1.7855992565500551,
              53.61165613243604
            ],
            [
              -1.7874228365768179,
              53.61141098385574
            ],
            [
              -1.7880516572757015,
              53.610627564720446
            ],
            [
              -1.7889769220183447,
              53.61079810617803
            ],
            [
              -1.7891206524638037,
              53.61060091755547
            ],
            [
              -1.7895518438001812,
              53.61048899927896
            ],
            [
              -1.790045917206447,
              53.61048899927896
            ],
            [
              -1.7899021867609877,
              53.6103504333828
            ],
            [
              -1.7902076139575884,
              53.61046235202656
            ],
            [
              -1.7920042445258273,
              53.61036109231402
            ],
            [
              -1.794519527321362,
              53.60984413104997
            ],
            [
              -1.7961544611384594,
              53.609972039580825
            ],
            [
              -1.7991817836459423,
              53.6090073865199
            ],
            [
              -1.8021552072363782,
              53.60883683782996
            ],
            [
              -1.8033589497170983,
              53.608986067971315
            ],
            [
              -1.804095568250076,
              53.60824524172328
            ],
            [
              -1.8044009954466766,
              53.60810133871441
            ],
            [
              -1.807221705438812,
              53.60821859305493
            ],
            [
              -1.8087578245746565,
              53.608730244548994
            ],
            [
              -1.8098088534570762,
              53.60931117466761
            ],
            [
              -1.8103927583917538,
              53.60883683782996
            ],
            [
              -1.8102849605576596,
              53.60870359618669
            ],
            [
              -1.8104197078502777,
              53.608612991629144
            ],
            [
              -1.8105993709071015,
              53.6086502994117
            ],
            [
              -1.810850899186655,
              53.60842645222206
            ],
            [
              -1.8111922589946203,
              53.607877488614875
            ],
            [
              -1.8122612541827228,
              53.607973424517105
            ],
            [
              -1.8128541422702416,
              53.607904137498466
            ],
            [
              -1.8143453456418799,
              53.60817595515061
            ],
            [
              -1.8146507728384804,
              53.60842645222206
            ],
            [
              -1.8149921326464462,
              53.608517057179846
            ],
            [
              -1.8162587571970545,
              53.607728254555944
            ],
            [
              -1.8164474034067197,
              53.607728254555944
            ],
            [
              -1.8171391061754918,
              53.60803738166419
            ],
            [
              -1.817884707861311,
              53.60784018014957
            ],
            [
              -1.8189447198965716,
              53.607872158836145
            ],
            [
              -1.8208132156875405,
              53.60944441439382
            ],
            [
              -1.8213881374693768,
              53.60917260490639
            ],
            [
              -1.8227984924654448,
              53.60964693797247
            ],
            [
              -1.8229871386751095,
              53.60988143774484
            ],
            [
              -1.8228793408410153,
              53.610057311719494
            ],
            [
              -1.82313985227341,
              53.61022785548023
            ],
            [
              -1.8247298703263017,
              53.60934848183334
            ],
            [
              -1.8259515791127043,
              53.60890612331832
            ],
            [
              -1.8289160195502987,
              53.60837848481276
            ],
            [
              -1.8293292445809934,
              53.60812265770965
            ],
            [
              -1.8296706043889588,
              53.60818661463072
            ],
            [
              -1.8305779028259195,
              53.60907134210104
            ],
            [
              -1.8306946838128553,
              53.60970023348964
            ],
            [
              -1.8303892566162547,
              53.60988143774484
            ],
            [
              -1.8313414708174212,
              53.61112319892361
            ],
            [
              -1.8323116513242703,
              53.61175738904298
            ],
            [
              -1.833722006320338,
              53.613137652259084
            ],
            [
              -1.8344406585476334,
              53.614326028068454
            ],
            [
              -1.8343508270192215,
              53.61473102742842
            ],
            [
              -1.83584203039086,
              53.615066747637066
            ],
            [
              -1.8371805201641982,
              53.616217768085356
            ],
            [
              -1.8353389738317532,
              53.6167772805793
            ],
            [
              -1.8351682939277703,
              53.61698509761698
            ],
            [
              -1.839057999108008,
              53.618993942905725
            ],
            [
              -1.8381776501295708,
              53.620880145622884
            ],
            [
              -1.8385010436318538,
              53.6211252392233
            ],
            [
              -1.8346203216044574,
              53.622670361763056
            ],
            [
              -1.8344855743118396,
              53.62259044301886
            ],
            [
              -1.8293831434980408,
              53.623219133052864
            ],
            [
              -1.8294190761094054,
              53.62328839494158
            ],
            [
              -1.828646524965063,
              53.62341093492773
            ],
            [
              -1.828538727130968,
              53.623091264652054
            ],
            [
              -1.828062620030385,
              53.62303798603739
            ],
            [
              -1.8277392265281018,
              53.62283552668824
            ],
            [
              -1.8264366693661287,
              53.6236187193086
            ],
            [
              -1.8259875117240691,
              53.62404494047822
            ],
            [
              -1.8254305562479147,
              53.62418346143159
            ],
            [
              -1.82524191003825,
              53.62383183043146
            ],
            [
              -1.822223570683608,
              53.622824870906115
            ],
            [
              -1.8221067896966727,
              53.6229367564842
            ],
            [
              -1.821756446735866,
              53.62285683824442
            ],
            [
              -1.821756446735866,
              53.62274495245446
            ],
            [
              -1.8204898221852577,
              53.62239863741534
            ],
            [
              -1.8212444070239178,
              53.621482220834444
            ],
            [
              -1.8209299966744759,
              53.62094408322106
            ],
            [
              -1.8208850809102701,
              53.62034200033345
            ],
            [
              -1.8190255682721426,
              53.62037929775302
            ],
            [
              -1.8185943769357653,
              53.62014485628263
            ],
            [
              -1.8186303095471301,
              53.62004894803308
            ],
            [
              -1.8180553877652934,
              53.61997435257723
            ],
            [
              -1.8156029870396473,
              53.62001165032164
            ],
            [
              -1.8147046717555275,
              53.6197825350854
            ],
            [
              -1.814228564654944,
              53.619409554133874
            ],
            [
              -1.814030935292438,
              53.619500135525094
            ],
            [
              -1.811686332400886,
              53.618343876112604
            ],
            [
              -1.8114258209684913,
              53.61851971483943
            ],
            [
              -1.8107341181997192,
              53.61834920456965
            ],
            [
              -1.8102490279462948,
              53.61879146415837
            ],
            [
              -1.8086769761990855,
              53.61835986148168
            ],
            [
              -1.8062694912376456,
              53.618770150549516
            ],
            [
              -1.8054250748705731,
              53.61924437580242
            ],
            [
              -1.805200496049543,
              53.619745237138574
            ],
            [
              -1.8050747319097664,
              53.620683004085464
            ],
            [
              -1.8056316873859206,
              53.62151951724648
            ],
            [
              -1.8035565790796046,
              53.62145558051996
            ],
            [
              -1.8034397980926689,
              53.62218019108303
            ],
            [
              -1.8025414828085493,
              53.62286749401844
            ],
            [
              -1.8031074214375447,
              53.62356011356115
            ],
            [
              -1.8030445393676564,
              53.623693308323986
            ],
            [
              -1.8028828426165149,
              53.62360273593101
            ],
            [
              -1.8027391121710559,
              53.62376256943454
            ],
            [
              -1.8025235165028668,
              53.62499326713768
            ],
            [
              -1.803269118188686,
              53.62511047457107
            ],
            [
              -1.803960820957458,
              53.62538218146014
            ],
            [
              -1.8044818438222476,
              53.625787074755074
            ],
            [
              -1.8044728606694063,
              53.627204170696615
            ],
            [
              -1.8030714888261798,
              53.62784344652315
            ],
            [
              -1.8022899545289959,
              53.62807251800415
            ],
            [
              -1.7999902674016501,
              53.628168408022326
            ],
            [
              -1.7995411097595901,
              53.6287330892652
            ],
            [
              -1.7974839677589565,
              53.63009148960304
            ],
            [
              -1.7972683720907678,
              53.630384472178086
            ],
            [
              -1.796397006265172,
              53.63092248942709
            ],
            [
              -1.7948519039764863,
              53.63231277945966
            ],
            [
              -1.7932529027707538,
              53.63293067143619
            ],
            [
              -1.791896446691733,
              53.63377759487433
            ],
            [
              -1.7905579569183951,
              53.6343635068005
            ],
            [
              -1.787845044760354,
              53.63706392295296
            ],
            [
              -1.7874497860353415,
              53.63766044127818
            ],
            [
              -1.7870365610046464,
              53.6379320673634
            ],
            [
              -1.7861292625676857,
              53.63821434359871
            ],
            [
              -1.7854645092574373,
              53.63913572269292
            ],
            [
              -1.784161952095464,
              53.639146374356685
            ],
            [
              -1.7859495995108619,
              53.64003577879152
            ],
            [
              -1.78480873910003,
              53.64179322941861
            ],
            [
              -1.7842787330823995,
              53.64228849773282
            ],
            [
              -1.7843056825409231,
              53.64256009401668
            ],
            [
              -1.7839463564272753,
              53.642666601885885
            ],
            [
              -1.7821227764005128,
              53.64249618916608
            ],
            [
              -1.7814310736317407,
              53.64262399877049
            ],
            [
              -1.7808741181555865,
              53.64300742525988
            ],
            [
              -1.7805147920419389,
              53.64374764153862
            ],
            [
              -1.7802363143038615,
              53.64399260233813
            ],
            [
              -1.778736127779382,
              53.644322764642816
            ],
            [
              -1.7776132336742325,
              53.6449032050088
            ],
            [
              -1.7773347559361556,
              53.64515348416952
            ],
            [
              -1.7769125477526193,
              53.64520673486314
            ],
            [
              -1.7767867836128426,
              53.64532388615243
            ],
            [
              -1.7758076199531525,
              53.64481267813809
            ]
          ]
        ]
      }
    },
    {
      "type": "Feature",
      "properties": {
        "WardName": "Crosland Moor",
        "NoCllrs": 3,
        "Number": 9
      },
      "geometry": {
        "type": "Polygon",
        "coordinates": [
          [
            [
              -1.7887343768916324,
              53.64707579160999
            ],
            [
              -1.7884109833893493,
              53.647043842617926
            ],
            [
              -1.7880516572757015,
              53.64685747301513
            ],
            [
              -1.7878630110660363,
              53.64661785374408
            ],
            [
              -1.7876024996336417,
              53.6466072039671
            ],
            [
              -1.7876384322450065,
              53.64504165749404
            ],
            [
              -1.787018594698964,
              53.643950000562164
            ],
            [
              -1.786183161484733,
              53.64321511315288
            ],
            [
              -1.785491458715961,
              53.642922219674574
            ],
            [
              -1.7845482276676354,
              53.642687903427436
            ],
            [
              -1.7842428004710347,
              53.64251216538781
            ],
            [
              -1.7842787330823995,
              53.64228849773282
            ],
            [
              -1.78480873910003,
              53.64179322941861
            ],
            [
              -1.7859495995108619,
              53.64003577879152
            ],
            [
              -1.784161952095464,
              53.639146374356685
            ],
            [
              -1.7854645092574373,
              53.63913572269292
            ],
            [
              -1.7861292625676857,
              53.63821434359871
            ],
            [
              -1.7870365610046464,
              53.6379320673634
            ],
            [
              -1.7874497860353415,
              53.63766044127818
            ],
            [
              -1.787845044760354,
              53.63706392295296
            ],
            [
              -1.7905579569183951,
              53.6343635068005
            ],
            [
              -1.791896446691733,
              53.63377759487433
            ],
            [
              -1.7932529027707538,
              53.63293067143619
            ],
            [
              -1.7948519039764863,
              53.63231277945966
            ],
            [
              -1.796397006265172,
              53.63092248942709
            ],
            [
              -1.7972683720907678,
              53.630384472178086
            ],
            [
              -1.7974839677589565,
              53.63009148960304
            ],
            [
              -1.7995411097595901,
              53.6287330892652
            ],
            [
              -1.7999902674016501,
              53.628168408022326
            ],
            [
              -1.8022899545289959,
              53.62807251800415
            ],
            [
              -1.8030714888261798,
              53.62784344652315
            ],
            [
              -1.8044728606694063,
              53.627204170696615
            ],
            [
              -1.8044818438222476,
              53.625787074755074
            ],
            [
              -1.803960820957458,
              53.62538218146014
            ],
            [
              -1.803269118188686,
              53.62511047457107
            ],
            [
              -1.8025235165028668,
              53.62499326713768
            ],
            [
              -1.8027391121710559,
              53.62376256943454
            ],
            [
              -1.8028828426165149,
              53.62360273593101
            ],
            [
              -1.8030445393676564,
              53.623693308323986
            ],
            [
              -1.8031074214375447,
              53.62356011356115
            ],
            [
              -1.8025414828085493,
              53.62287814978983
            ],
            [
              -1.8034397980926689,
              53.62218019108303
            ],
            [
              -1.8035565790796046,
              53.62145558051996
            ],
            [
              -1.8056316873859206,
              53.62151951724648
            ],
            [
              -1.8050926982154487,
              53.620746941982254
            ],
            [
              -1.8051196476739726,
              53.62015551274134
            ],
            [
              -1.8054250748705731,
              53.61924437580242
            ],
            [
              -1.8061616934035511,
              53.6188181061543
            ],
            [
              -1.8086769761990855,
              53.61835986148168
            ],
            [
              -1.8102490279462948,
              53.61879146415837
            ],
            [
              -1.8107341181997192,
              53.61834920456965
            ],
            [
              -1.8114258209684913,
              53.61851971483943
            ],
            [
              -1.811686332400886,
              53.618343876112604
            ],
            [
              -1.814030935292438,
              53.619500135525094
            ],
            [
              -1.814228564654944,
              53.619409554133874
            ],
            [
              -1.8147046717555275,
              53.6197825350854
            ],
            [
              -1.8156029870396473,
              53.62001165032164
            ],
            [
              -1.8180553877652934,
              53.61997435257723
            ],
            [
              -1.8186303095471301,
              53.62004894803308
            ],
            [
              -1.8185943769357653,
              53.62014485628263
            ],
            [
              -1.8190255682721426,
              53.62037929775302
            ],
            [
              -1.8208850809102701,
              53.62034200033345
            ],
            [
              -1.8209299966744759,
              53.62094408322106
            ],
            [
              -1.8212444070239178,
              53.621482220834444
            ],
            [
              -1.8204898221852577,
              53.62239863741534
            ],
            [
              -1.821756446735866,
              53.62274495245446
            ],
            [
              -1.821756446735866,
              53.62285683824442
            ],
            [
              -1.8221067896966727,
              53.6229367564842
            ],
            [
              -1.822223570683608,
              53.622824870906115
            ],
            [
              -1.82524191003825,
              53.62383183043146
            ],
            [
              -1.8254305562479147,
              53.62418346143159
            ],
            [
              -1.8259875117240691,
              53.62404494047822
            ],
            [
              -1.8264366693661287,
              53.6236187193086
            ],
            [
              -1.8277392265281018,
              53.62283552668824
            ],
            [
              -1.828062620030385,
              53.62303798603739
            ],
            [
              -1.828538727130968,
              53.623091264652054
            ],
            [
              -1.828646524965063,
              53.62341093492773
            ],
            [
              -1.8294190761094054,
              53.62328839494158
            ],
            [
              -1.8293831434980408,
              53.623219133052864
            ],
            [
              -1.8344855743118396,
              53.62259044301886
            ],
            [
              -1.8346203216044574,
              53.622670361763056
            ],
            [
              -1.8350245634823112,
              53.62245191683709
            ],
            [
              -1.8351143950107232,
              53.62253716377195
            ],
            [
              -1.837584762042052,
              53.62220150297009
            ],
            [
              -1.8404953035625993,
              53.624087562358454
            ],
            [
              -1.8408725959819294,
              53.62467893650478
            ],
            [
              -1.8408276802177233,
              53.62574978211403
            ],
            [
              -1.8406120845495346,
              53.6262079465625
            ],
            [
              -1.8407558149949936,
              53.62676732664534
            ],
            [
              -1.8400102133091745,
              53.62785410103822
            ],
            [
              -1.8401090279904277,
              53.62796064604088
            ],
            [
              -1.8377015430289874,
              53.6285999104077
            ],
            [
              -1.837360183221022,
              53.62887159483111
            ],
            [
              -1.8380249365312704,
              53.629335052457485
            ],
            [
              -1.8355455863471009,
              53.6306348374939
            ],
            [
              -1.8324643649225707,
              53.63156170892443
            ],
            [
              -1.8313953697344687,
              53.63176945317601
            ],
            [
              -1.8293202614281525,
              53.632424639884846
            ],
            [
              -1.8279188895849257,
              53.63317569505914
            ],
            [
              -1.8262929389206697,
              53.633585840113064
            ],
            [
              -1.8258797138899743,
              53.63411316360946
            ],
            [
              -1.8244244431297008,
              53.63524768575688
            ],
            [
              -1.823454262622852,
              53.63576966222488
            ],
            [
              -1.8225020484216852,
              53.63613184618282
            ],
            [
              -1.8212623733296,
              53.63649935319705
            ],
            [
              -1.8208491482989053,
              53.63653131017743
            ],
            [
              -1.8203640580454805,
              53.636760334495
            ],
            [
              -1.8199867656261504,
              53.63633956793208
            ],
            [
              -1.8175433480533452,
              53.637074575139884
            ],
            [
              -1.8179206404726758,
              53.637042618571044
            ],
            [
              -1.8173277523851565,
              53.63735153105567
            ],
            [
              -1.8153784082186173,
              53.63782554753844
            ],
            [
              -1.8156658691095358,
              53.63823032144232
            ],
            [
              -1.8162138414328484,
              53.6381930397978
            ],
            [
              -1.8157557006379477,
              53.63837412176263
            ],
            [
              -1.815728751179424,
              53.63861911377188
            ],
            [
              -1.814866368506669,
              53.63913572269292
            ],
            [
              -1.8149382337293987,
              53.63946592301872
            ],
            [
              -1.8137794070128845,
              53.6396896056418
            ],
            [
              -1.811767180776457,
              53.639753514744825
            ],
            [
              -1.8050298161455605,
              53.64043520581867
            ],
            [
              -1.8024067355159314,
              53.64063225509209
            ],
            [
              -1.8008436669215637,
              53.64062692944815
            ],
            [
              -1.7996848402050492,
              53.64077072159841
            ],
            [
              -1.7988224575322946,
              53.64143641960961
            ],
            [
              -1.798552962947059,
              53.64150032606596
            ],
            [
              -1.7970797258811024,
              53.64247488752768
            ],
            [
              -1.795902932858906,
              53.64301275060325
            ],
            [
              -1.7948069882122801,
              53.643353571180015
            ],
            [
              -1.795292078465705,
              53.64343877589388
            ],
            [
              -1.7951393648674046,
              53.64378491827379
            ],
            [
              -1.7948249545179626,
              53.64396065101019
            ],
            [
              -1.795202246937293,
              53.64475410182408
            ],
            [
              -1.7952202132429755,
              53.646202510448866
            ],
            [
              -1.7928396777400584,
              53.64648473133851
            ],
            [
              -1.7915281374252439,
              53.64689474700157
            ],
            [
              -1.7896506584814342,
              53.646873447584774
            ],
            [
              -1.7887343768916324,
              53.64707579160999
            ]
          ]
        ]
      }
    },
    {
      "type": "Feature",
      "properties": {
        "WardName": "Almondbury",
        "NoCllrs": 3,
        "Number": 1
      },
      "geometry": {
        "type": "Polygon",
        "coordinates": [
          [
            [
              -1.7246485645225458,
              53.651788002847304
            ],
            [
              -1.723516687264555,
              53.65160697847023
            ],
            [
              -1.7232471926793194,
              53.65146322326418
            ],
            [
              -1.7230405801639719,
              53.651079873651796
            ],
            [
              -1.722546506757706,
              53.650866900138844
            ],
            [
              -1.7218368376832516,
              53.65070716929817
            ],
            [
              -1.721495477875286,
              53.650717818039716
            ],
            [
              -1.7212798822070974,
              53.65041965226006
            ],
            [
              -1.7209025897877672,
              53.650377056976566
            ],
            [
              -1.7209475055519732,
              53.650233297577074
            ],
            [
              -1.7207229267309434,
              53.65022264871317
            ],
            [
              -1.7203636006172955,
              53.6499244794319
            ],
            [
              -1.7188364646342924,
              53.649674228586264
            ],
            [
              -1.7184322227564386,
              53.649668904084045
            ],
            [
              -1.717848317821761,
              53.64998304856427
            ],
            [
              -1.7176057726950487,
              53.649839287821415
            ],
            [
              -1.7174261096382246,
              53.64987123469552
            ],
            [
              -1.7158989736552215,
              53.649253590839805
            ],
            [
              -1.7158630410438567,
              53.64915242417356
            ],
            [
              -1.71611456932341,
              53.6490672310032
            ],
            [
              -1.7158540578910155,
              53.64874243046211
            ],
            [
              -1.7153510013319087,
              53.64858801621267
            ],
            [
              -1.715279136109179,
              53.64844957537038
            ],
            [
              -1.7147221806330248,
              53.64820996514612
            ],
            [
              -1.714452686047789,
              53.64823126388787
            ],
            [
              -1.7139496294886822,
              53.648050224240244
            ],
            [
              -1.7134645392352577,
              53.648337757435165
            ],
            [
              -1.7131860614971806,
              53.64822593920345
            ],
            [
              -1.7129435163704683,
              53.64830580939922
            ],
            [
              -1.712512325034091,
              53.64783191069018
            ],
            [
              -1.7126830049380737,
              53.64774671485187
            ],
            [
              -1.7125841902568204,
              53.64753904927482
            ],
            [
              -1.7116499423613363,
              53.647634895052846
            ],
            [
              -1.7118116391124778,
              53.64742190413918
            ],
            [
              -1.7116229929028126,
              53.647160988803826
            ],
            [
              -1.7114702793045125,
              53.647192937707125
            ],
            [
              -1.711182818413594,
              53.647624245532704
            ],
            [
              -1.7112187510249588,
              53.64820996514612
            ],
            [
              -1.710203654753904,
              53.64772009111708
            ],
            [
              -1.7102755199766333,
              53.647560348355434
            ],
            [
              -1.7094670362209259,
              53.64720891214972
            ],
            [
              -1.709619749819226,
              53.64679357467597
            ],
            [
              -1.7089370302032953,
              53.64675097572942
            ],
            [
              -1.7087034682294242,
              53.646468756621594
            ],
            [
              -1.7088471986748834,
              53.646197185508264
            ],
            [
              -1.7082453274345233,
              53.646032112016165
            ],
            [
              -1.7082183779759996,
              53.646191860567
            ],
            [
              -1.707868035015193,
              53.64613328616863
            ],
            [
              -1.7079848160021287,
              53.64579781304694
            ],
            [
              -1.7076614224998454,
              53.645632737991534
            ],
            [
              -1.7073380289975626,
              53.645590137872354
            ],
            [
              -1.7069248039668676,
              53.64567533806769
            ],
            [
              -1.7061792022810482,
              53.645574162816565
            ],
            [
              -1.705235971232723,
              53.644935155622676
            ],
            [
              -1.7076973551112102,
              53.64338552296787
            ],
            [
              -1.70611632021116,
              53.64147902392461
            ],
            [
              -1.7052449543855641,
              53.639833400987435
            ],
            [
              -1.7050383418702164,
              53.63976416625258
            ],
            [
              -1.7034303575116425,
              53.639790795010185
            ],
            [
              -1.7014360975808973,
              53.639455271435665
            ],
            [
              -1.7005647317553014,
              53.63899192496891
            ],
            [
              -1.6992172588291221,
              53.63787880748454
            ],
            [
              -1.6999269279035765,
              53.63763913719755
            ],
            [
              -1.6995765849427698,
              53.637298270443836
            ],
            [
              -1.701651693249086,
              53.63661120252244
            ],
            [
              -1.7005916812138249,
              53.636233044085856
            ],
            [
              -1.6997921806109586,
              53.635545958815115
            ],
            [
              -1.6997831974581175,
              53.63545541185963
            ],
            [
              -1.7004210013098422,
              53.6351731171628
            ],
            [
              -1.6996484501654994,
              53.635013326874535
            ],
            [
              -1.6989028484796802,
              53.63469374448236
            ],
            [
              -1.6994148881916282,
              53.633995981179844
            ],
            [
              -1.69852555606035,
              53.63285609874678
            ],
            [
              -1.6982201288637493,
              53.632829465611465
            ],
            [
              -1.6981752130995433,
              53.632419313204636
            ],
            [
              -1.6985525055188737,
              53.63229147267836
            ],
            [
              -1.6984357245319381,
              53.63217961190016
            ],
            [
              -1.6986513202001268,
              53.632243532381175
            ],
            [
              -1.6982650446279552,
              53.63138059771671
            ],
            [
              -1.6996394670126582,
              53.631183505224975
            ],
            [
              -1.6991364104535513,
              53.62992102607779
            ],
            [
              -1.7000167594319884,
              53.62957476992205
            ],
            [
              -1.6997203153882288,
              53.62885028631209
            ],
            [
              -1.7025410253803643,
              53.62822168016051
            ],
            [
              -1.7047688472849807,
              53.62687387439188
            ],
            [
              -1.7033674754417543,
              53.62585100492024
            ],
            [
              -1.701705592166133,
              53.62516375056954
            ],
            [
              -1.7022535644894459,
              53.62444984660252
            ],
            [
              -1.7027386547428707,
              53.62418346143159
            ],
            [
              -1.7028105199656,
              53.623485524310354
            ],
            [
              -1.7034393406644839,
              53.623522818952225
            ],
            [
              -1.7040142624463204,
              53.623996990811534
            ],
            [
              -1.704652066298045,
              53.62409821782178
            ],
            [
              -1.7047239315207747,
              53.623448229635535
            ],
            [
              -1.704328672795762,
              53.62313921534777
            ],
            [
              -1.7039783298349556,
              53.622563803403814
            ],
            [
              -1.7044274874770151,
              53.62205231953465
            ],
            [
              -1.7050742744815812,
              53.62224412671194
            ],
            [
              -1.70528987014977,
              53.62258511509719
            ],
            [
              -1.7054874995122764,
              53.622606426779804
            ],
            [
              -1.7056491962634177,
              53.62306995321424
            ],
            [
              -1.7061522528225248,
              53.62297405161099
            ],
            [
              -1.7062959832679838,
              53.623219133052864
            ],
            [
              -1.7070326018009618,
              53.623256427930116
            ],
            [
              -1.7072392143163093,
              53.62342159056192
            ],
            [
              -1.70754464151291,
              53.62341626274516
            ],
            [
              -1.7083531252686175,
              53.623640030469296
            ],
            [
              -1.708424990491347,
              53.62374125833573
            ],
            [
              -1.7080117654606521,
              53.623959696588656
            ],
            [
              -1.708424990491347,
              53.62411420101172
            ],
            [
              -1.7089010975919305,
              53.62408223462578
            ],
            [
              -1.7090897438015955,
              53.6238265026665
            ],
            [
              -1.709251440552737,
              53.62393305783783
            ],
            [
              -1.7097814465703676,
              53.62397567983106
            ],
            [
              -1.7100239916970799,
              53.6238265026665
            ],
            [
              -1.710257553670951,
              53.623842485959344
            ],
            [
              -1.7103743346578866,
              53.623954368839826
            ],
            [
              -1.7107246776186933,
              53.62379453606263
            ],
            [
              -1.7113445151647355,
              53.62408223462578
            ],
            [
              -1.7115780771386067,
              53.62381051936758
            ],
            [
              -1.7118924874880483,
              53.623821174900854
            ],
            [
              -1.7120002853221428,
              53.62369863610576
            ],
            [
              -1.7122158809903316,
              53.62385846924612
            ],
            [
              -1.7125841902568204,
              53.623842485959344
            ],
            [
              -1.7125302913397733,
              53.62402895726205
            ],
            [
              -1.7128986006062623,
              53.624178133711034
            ],
            [
              -1.713159112038657,
              53.624087562358454
            ],
            [
              -1.7133297919426396,
              53.62422075545674
            ],
            [
              -1.7136531854449228,
              53.624215427740864
            ],
            [
              -1.7138328485017467,
              53.624321981930315
            ],
            [
              -1.7140125115585705,
              53.62426870486924
            ],
            [
              -1.7138777642659526,
              53.62418878915148
            ],
            [
              -1.7139675957943645,
              53.624087562358454
            ],
            [
              -1.714353871366536,
              53.62403428500146
            ],
            [
              -1.7147940458557545,
              53.62430599881905
            ],
            [
              -1.7155306643887327,
              53.62416747826786
            ],
            [
              -1.71611456932341,
              53.62436460353076
            ],
            [
              -1.7161774513932986,
              53.62451377879337
            ],
            [
              -1.7165367775069464,
              53.624481812710044
            ],
            [
              -1.716752373175135,
              53.62460967689804
            ],
            [
              -1.7169050867734355,
              53.6244338635397
            ],
            [
              -1.7172374634285597,
              53.624423208161076
            ],
            [
              -1.7169140699262766,
              53.623996990811534
            ],
            [
              -1.717264412887083,
              53.62397567983106
            ],
            [
              -1.7176237390007312,
              53.623837158195734
            ],
            [
              -1.7175967895422075,
              53.623767897207586
            ],
            [
              -1.718261542852456,
              53.62365068604562
            ],
            [
              -1.7185040879791682,
              53.62421010002433
            ],
            [
              -1.718683751035992,
              53.624199444589244
            ],
            [
              -1.7200851228792184,
              53.62487073174568
            ],
            [
              -1.720381566922978,
              53.62493466329892
            ],
            [
              -1.7206061457440078,
              53.624646970546564
            ],
            [
              -1.7210642865389087,
              53.62465762586865
            ],
            [
              -1.7216481914735866,
              53.625280957529455
            ],
            [
              -1.7208666571764024,
              53.625755109636195
            ],
            [
              -1.7207678424951494,
              53.62600550241953
            ],
            [
              -1.7209295392462907,
              53.62623991133839
            ],
            [
              -1.7213876800411918,
              53.626298513364674
            ],
            [
              -1.7219266692116635,
              53.62715622461924
            ],
            [
              -1.7229507486355597,
              53.62793400981544
            ],
            [
              -1.7236334682514904,
              53.62887692195917
            ],
            [
              -1.723606518792967,
              53.62926047341299
            ],
            [
              -1.7239119459895678,
              53.629388323122875
            ],
            [
              -1.723884996531044,
              53.62949486425185
            ],
            [
              -1.722914816024195,
              53.629723926768264
            ],
            [
              -1.7227082035088475,
              53.629931680068296
            ],
            [
              -1.7230675296224953,
              53.63013943234543
            ],
            [
              -1.7232921084435253,
              53.630464376163694
            ],
            [
              -1.723876013378203,
              53.63062951058777
            ],
            [
              -1.724019743823662,
              53.63080529813548
            ],
            [
              -1.7243341541731037,
              53.630879874449604
            ],
            [
              -1.7238490639196793,
              53.63136461727871
            ],
            [
              -1.7239927943651385,
              53.6317055319768
            ],
            [
              -1.724253305797533,
              53.63176945317601
            ],
            [
              -1.7244599183128806,
              53.63207840427384
            ],
            [
              -1.724900092802099,
              53.63189196853721
            ],
            [
              -1.7252414526100646,
              53.63204111719242
            ],
            [
              -1.7250617895532407,
              53.632275492585364
            ],
            [
              -1.7253672167498413,
              53.63330353290624
            ],
            [
              -1.7252414526100646,
              53.63367639108116
            ],
            [
              -1.725816374391901,
              53.63342604381291
            ],
            [
              -1.7258882396146307,
              53.63323428745381
            ],
            [
              -1.7261667173527075,
              53.63325026718369
            ],
            [
              -1.7260589195186133,
              53.633053183425545
            ],
            [
              -1.7262565488811197,
              53.6329732843424
            ],
            [
              -1.7261218015885016,
              53.63289338510796
            ],
            [
              -1.7262924814924843,
              53.63269629968272
            ],
            [
              -1.7266338413004498,
              53.632712279616364
            ],
            [
              -1.7265799423834027,
              53.63252052001322
            ],
            [
              -1.726867403274321,
              53.632541826678825
            ],
            [
              -1.727136897859557,
              53.63236604636578
            ],
            [
              -1.727478257667522,
              53.63241398652379
            ],
            [
              -1.7275321565845694,
              53.63214765162333
            ],
            [
              -1.7278555500868524,
              53.63214765162333
            ],
            [
              -1.7278914826982172,
              53.63201448354265
            ],
            [
              -1.728116061519247,
              53.63193990923387
            ],
            [
              -1.7280801289078822,
              53.631732165821575
            ],
            [
              -1.729086242026096,
              53.63138592452804
            ],
            [
              -1.729220989318714,
              53.63106098780664
            ],
            [
              -1.7295264165153146,
              53.63110360260121
            ],
            [
              -1.7296431975022502,
              53.63126873452356
            ],
            [
              -1.7300564225329453,
              53.63130602228757
            ],
            [
              -1.7301732035198807,
              53.63117285155054
            ],
            [
              -1.729957607851692,
              53.63110360260121
            ],
            [
              -1.7299755741573746,
              53.63093847003254
            ],
            [
              -1.7302271024369278,
              53.63105033410127
            ],
            [
              -1.7303618497295459,
              53.630890528198
            ],
            [
              -1.7306493106204641,
              53.630933143164725
            ],
            [
              -1.7307211758431937,
              53.63082660566726
            ],
            [
              -1.7313679628477598,
              53.63062951058777
            ],
            [
              -1.7316015248216308,
              53.630389799115186
            ],
            [
              -1.732068648769373,
              53.630437741518634
            ],
            [
              -1.7319608509352786,
              53.63067745271886
            ],
            [
              -1.7328142504551922,
              53.63057091457576
            ],
            [
              -1.7328591662193982,
              53.63045372230769
            ],
            [
              -1.733083745040428,
              53.63043241458762
            ],
            [
              -1.7330028966648572,
              53.630176721107425
            ],
            [
              -1.733919178254659,
              53.63011279749529
            ],
            [
              -1.7351947859581087,
              53.62949486425185
            ],
            [
              -1.7359224213382456,
              53.62935636073171
            ],
            [
              -1.7364254778973527,
              53.6294629019414
            ],
            [
              -1.736766837705318,
              53.62936168779858
            ],
            [
              -1.737224978500219,
              53.629042062595836
            ],
            [
              -1.7373327763343132,
              53.62881832351341
            ],
            [
              -1.7385904177320806,
              53.628269625027364
            ],
            [
              -1.7391833058195996,
              53.627822137484955
            ],
            [
              -1.7394977161690415,
              53.62748651871407
            ],
            [
              -1.7393539857235822,
              53.62730006268798
            ],
            [
              -1.7399378906582599,
              53.627193516017456
            ],
            [
              -1.7406206102741908,
              53.62692182079006
            ],
            [
              -1.7405936608156671,
              53.626836582711185
            ],
            [
              -1.740908071165109,
              53.6267353622689
            ],
            [
              -1.7409260374707916,
              53.6265861948588
            ],
            [
              -1.7411775657503448,
              53.626405062294886
            ],
            [
              -1.7414829929469455,
              53.62652226580739
            ],
            [
              -1.7418423190605934,
              53.62649030124533
            ],
            [
              -1.7420668978816232,
              53.625957554980296
            ],
            [
              -1.7429921626242664,
              53.62567519673303
            ],
            [
              -1.7435581012532617,
              53.62580838482089
            ],
            [
              -1.7437736969214503,
              53.62569117932576
            ],
            [
              -1.7445013323015872,
              53.62568052426461
            ],
            [
              -1.7446720122055697,
              53.625430129553116
            ],
            [
              -1.7449235404851233,
              53.6255793010495
            ],
            [
              -1.7461182998130023,
              53.6252543196126
            ],
            [
              -1.7465854237607443,
              53.62501457760433
            ],
            [
              -1.7468639014988214,
              53.62512112977614
            ],
            [
              -1.746980682485757,
              53.62501990521932
            ],
            [
              -1.7474567895863402,
              53.62495597379516
            ],
            [
              -1.7474657727391816,
              53.624817455377276
            ],
            [
              -1.7472322107653104,
              53.62482278301715
            ],
            [
              -1.7472411939181516,
              53.624737540698646
            ],
            [
              -1.7475645874204346,
              53.62474819599786
            ],
            [
              -1.7489030771937726,
              53.62386379700706
            ],
            [
              -1.7490198581807084,
              53.623730602782274
            ],
            [
              -1.748921043499455,
              53.62355478576192
            ],
            [
              -1.7499900386875573,
              53.62351749114829
            ],
            [
              -1.7500978365216517,
              53.62338429583058
            ],
            [
              -1.7498642745477806,
              53.62332568975765
            ],
            [
              -1.749873257700622,
              53.62324044441535
            ],
            [
              -1.7502415669671108,
              53.6230486417657
            ],
            [
              -1.7505200447051878,
              53.62305929749131
            ],
            [
              -1.750708690914853,
              53.62289413344179
            ],
            [
              -1.7510590338756598,
              53.62283552668824
            ],
            [
              -1.751068017028501,
              53.62273429664946
            ],
            [
              -1.7515171746705605,
              53.62257978717486
            ],
            [
              -1.7516698882688608,
              53.62228142245075
            ],
            [
              -1.752047180688191,
              53.6220629755118
            ],
            [
              -1.7527748160683279,
              53.621935103608315
            ],
            [
              -1.7531521084876582,
              53.62170599881241
            ],
            [
              -1.753475501989941,
              53.6217965752757
            ],
            [
              -1.7536731313524474,
              53.621439596323206
            ],
            [
              -1.7540055080075716,
              53.621471564710674
            ],
            [
              -1.7542839857456487,
              53.62124778548983
            ],
            [
              -1.7546882276235025,
              53.621279754022616
            ],
            [
              -1.754805008610438,
              53.6210240050826
            ],
            [
              -1.755631458671828,
              53.62072030120369
            ],
            [
              -1.75609858261957,
              53.62031003109046
            ],
            [
              -1.756502824497424,
              53.620224779657455
            ],
            [
              -1.756826217999707,
              53.620294046459875
            ],
            [
              -1.7572124935718785,
              53.62001165032164
            ],
            [
              -1.7574819881571142,
              53.620160840969696
            ],
            [
              -1.7578233479650796,
              53.620171497424366
            ],
            [
              -1.7580389436332684,
              53.62010223042085
            ],
            [
              -1.7580658930917918,
              53.61996902432534
            ],
            [
              -1.7582275898429334,
              53.619963696072794
            ],
            [
              -1.7584252192054397,
              53.62015551274134
            ],
            [
              -1.758712680096358,
              53.62004361979061
            ],
            [
              -1.7588474273889758,
              53.620134199821216
            ],
            [
              -1.7594223491708123,
              53.61991041351015
            ],
            [
              -1.7597457426730954,
              53.61993172654327
            ],
            [
              -1.7616322047697464,
              53.61928700253048
            ],
            [
              -1.7619555982720294,
              53.619073868459715
            ],
            [
              -1.764228335940852,
              53.61842913134436
            ],
            [
              -1.7646774935829115,
              53.618125408795336
            ],
            [
              -1.7658273371465845,
              53.617874969260264
            ],
            [
              -1.7661507306488677,
              53.61786431222579
            ],
            [
              -1.7662854779414856,
              53.617992196461636
            ],
            [
              -1.7665459893738802,
              53.61794956842606
            ],
            [
              -1.767049045932987,
              53.6176671566032
            ],
            [
              -1.7678575296886947,
              53.61758189983256
            ],
            [
              -1.7681180411210893,
              53.617384742891
            ],
            [
              -1.768558215610308,
              53.61742737149693
            ],
            [
              -1.768657030291561,
              53.617608542591874
            ],
            [
              -1.7689085585711146,
              53.61761919969089
            ],
            [
              -1.7734630170616004,
              53.61709167005997
            ],
            [
              -1.7729958931138583,
              53.61770445638619
            ],
            [
              -1.7742804839701494,
              53.618397160652634
            ],
            [
              -1.774549978555385,
              53.61825329224021
            ],
            [
              -1.7763286428179417,
              53.61882343455148
            ],
            [
              -1.7777659472725331,
              53.61903124151642
            ],
            [
              -1.7776491662855973,
              53.61948415058783
            ],
            [
              -1.7765622047918128,
              53.62065636326654
            ],
            [
              -1.774397264957085,
              53.621993711612184
            ],
            [
              -1.7718819821615501,
              53.62442853585072
            ],
            [
              -1.7694744972001097,
              53.625653886599956
            ],
            [
              -1.767929394911424,
              53.62710827848737
            ],
            [
              -1.7649649544738297,
              53.628605237570056
            ],
            [
              -1.7622340760101065,
              53.62866916346606
            ],
            [
              -1.7580030110219036,
              53.62915393169218
            ],
            [
              -1.7580479267861095,
              53.6293137441725
            ],
            [
              -1.756826217999707,
              53.63076268303965
            ],
            [
              -1.756736386471295,
              53.631071641509315
            ],
            [
              -1.7569340158338012,
              53.632152978337814
            ],
            [
              -1.7570418136678956,
              53.63228614598138
            ],
            [
              -1.7574460555457494,
              53.632392679793604
            ],
            [
              -1.7577424995895088,
              53.632685646390264
            ],
            [
              -1.7581826740787274,
              53.63351659512395
            ],
            [
              -1.7580569099389507,
              53.633820206925144
            ],
            [
              -1.7581377583145215,
              53.63407055185454
            ],
            [
              -1.7589103094588643,
              53.634720376440846
            ],
            [
              -1.7595840459219538,
              53.63607858403107
            ],
            [
              -1.7600152372583313,
              53.636243696482595
            ],
            [
              -1.760329647607773,
              53.63685087864969
            ],
            [
              -1.7601230350924255,
              53.63727164011273
            ],
            [
              -1.7603565970662967,
              53.637676419331626
            ],
            [
              -1.7603026981492496,
              53.6379693492386
            ],
            [
              -1.7605811758873264,
              53.6381930397978
            ],
            [
              -1.760141001398108,
              53.63877889040264
            ],
            [
              -1.7597996415901425,
              53.638709653936935
            ],
            [
              -1.7595211638520656,
              53.63894931814174
            ],
            [
              -1.7599074394242369,
              53.63919430681032
            ],
            [
              -1.7602937149964082,
              53.63974286323437
            ],
            [
              -1.7600242204111725,
              53.63982274949713
            ],
            [
              -1.760096085633902,
              53.6403073895815
            ],
            [
              -1.7605632095816441,
              53.6409571181006
            ],
            [
              -1.7609315188481331,
              53.64088788521022
            ],
            [
              -1.7612459291975748,
              53.64123937409298
            ],
            [
              -1.7617220362981583,
              53.64148434946097
            ],
            [
              -1.7626562841936426,
              53.641654766269056
            ],
            [
              -1.7638330772158393,
              53.64159086004672
            ],
            [
              -1.7637522288402685,
              53.6423577283242
            ],
            [
              -1.7642103696351694,
              53.642395006287884
            ],
            [
              -1.7640846054953927,
              53.642725181099294
            ],
            [
              -1.764183420176646,
              53.6430660039999
            ],
            [
              -1.763500700560715,
              53.643156534619926
            ],
            [
              -1.7627461157220548,
              53.64342280002313
            ],
            [
              -1.7615872890055404,
              53.64463162381368
            ],
            [
              -1.7607338894856268,
              53.64508425816727
            ],
            [
              -1.7594672649350183,
              53.64541973696526
            ],
            [
              -1.7572574093360844,
              53.64571261309905
            ],
            [
              -1.7561973973008234,
              53.64574456309969
            ],
            [
              -1.7548678906803263,
              53.645632737991534
            ],
            [
              -1.749136639167644,
              53.64448251966878
            ],
            [
              -1.7462620302584615,
              53.644248212090254
            ],
            [
              -1.7439623431311153,
              53.64436004086966
            ],
            [
              -1.7377190519064847,
              53.644999056777756
            ],
            [
              -1.734044942394436,
              53.645259985489524
            ],
            [
              -1.7341707065342127,
              53.64584041295636
            ],
            [
              -1.7336407005165821,
              53.64613328616863
            ],
            [
              -1.733874262490453,
              53.64658057951287
            ],
            [
              -1.7334700206125995,
              53.64712371505271
            ],
            [
              -1.7341078244643242,
              53.64843892605598
            ],
            [
              -1.7339012119489767,
              53.648864896533716
            ],
            [
              -1.7324189917301795,
              53.64934410817756
            ],
            [
              -1.7334790037654406,
              53.65018005323065
            ],
            [
              -1.7331196776517928,
              53.65032381281166
            ],
            [
              -1.7328322167608745,
              53.650286541856275
            ],
            [
              -1.7325447558699563,
              53.65053146467452
            ],
            [
              -1.7322842444375617,
              53.65038238138938
            ],
            [
              -1.7319967835466434,
              53.65038770580147
            ],
            [
              -1.7313949123062833,
              53.65014810659051
            ],
            [
              -1.7307481253017172,
              53.65002564424582
            ],
            [
              -1.729858793170439,
              53.6500788887872
            ],
            [
              -1.7290233599562077,
              53.650275893005805
            ],
            [
              -1.7283945392573241,
              53.650946765332264
            ],
            [
              -1.7269033358856856,
              53.65156970864905
            ],
            [
              -1.7260229869072485,
              53.65158568143359
            ],
            [
              -1.7246485645225458,
              53.651788002847304
            ]
          ]
        ]
      }
    },
    {
      "type": "Feature",
      "properties": {
        "WardName": "Colne Valley East",
        "NoCllrs": 3,
        "Number": 7
      },
      "geometry": {
        "type": "Polygon",
        "coordinates": [
          [
            [
              -1.8583538114108953,
              53.6554349460531
            ],
            [
              -1.8577249907120115,
              53.6553018514828
            ],
            [
              -1.8574015972097286,
              53.655339118004825
            ],
            [
              -1.8566020966068622,
              53.65505695637553
            ],
            [
              -1.856323618868785,
              53.65513148981965
            ],
            [
              -1.8563775177858322,
              53.6550463087299
            ],
            [
              -1.8558205623096782,
              53.654694934915405
            ],
            [
              -1.8552276742221592,
              53.65446600797581
            ],
            [
              -1.854571904064752,
              53.65437017772502
            ],
            [
              -1.8542844431738337,
              53.6541146293246
            ],
            [
              -1.8528201892607192,
              53.654002826412345
            ],
            [
              -1.852595610439689,
              53.65383245949968
            ],
            [
              -1.852083570727741,
              53.65377921969829
            ],
            [
              -1.8509606766225917,
              53.653422511294686
            ],
            [
              -1.8503677885350724,
              53.65310839244024
            ],
            [
              -1.850062361338472,
              53.65307644801883
            ],
            [
              -1.8496311700020946,
              53.65317760527021
            ],
            [
              -1.8484004780628507,
              53.65311904057532
            ],
            [
              -1.8474572470145254,
              53.65332667867194
            ],
            [
              -1.8461367235468698,
              53.65335862290371
            ],
            [
              -1.8472147018878133,
              53.65404009408271
            ],
            [
              -1.8473224997219078,
              53.65443406458307
            ],
            [
              -1.8435855081399704,
              53.65244820281271
            ],
            [
              -1.8419326080171905,
              53.65144725043326
            ],
            [
              -1.8378901892386525,
              53.64971150008294
            ],
            [
              -1.8370188234130567,
              53.6503078395491
            ],
            [
              -1.8357162662510833,
              53.650366408148976
            ],
            [
              -1.8330842024686131,
              53.65014810659051
            ],
            [
              -1.8317097800839102,
              53.64991383049001
            ],
            [
              -1.8312696055946915,
              53.6499351283711
            ],
            [
              -1.831889443140734,
              53.6483856794437
            ],
            [
              -1.8322847018657469,
              53.64795970412495
            ],
            [
              -1.8288890700917748,
              53.64717163844094
            ],
            [
              -1.8283141483099385,
              53.64755502358628
            ],
            [
              -1.8286105923536977,
              53.64620783538881
            ],
            [
              -1.828242283087209,
              53.64640485769344
            ],
            [
              -1.8279458390434495,
              53.64640485769344
            ],
            [
              -1.8272002373576304,
              53.64598418733291
            ],
            [
              -1.8258347981257685,
              53.64546766228997
            ],
            [
              -1.8257000508331505,
              53.64556883779663
            ],
            [
              -1.8261132758638459,
              53.646431482258606
            ],
            [
              -1.824846651313237,
              53.64676695033942
            ],
            [
              -1.8246849545620956,
              53.64656992972648
            ],
            [
              -1.8245591904223188,
              53.64652733055401
            ],
            [
              -1.8244064768240185,
              53.64662317863156
            ],
            [
              -1.8240471507103706,
              53.64650603095163
            ],
            [
              -1.8232386669546634,
              53.64537713663089
            ],
            [
              -1.8227266272427152,
              53.64497775640349
            ],
            [
              -1.822448149504638,
              53.64482865348234
            ],
            [
              -1.8212983059409649,
              53.644589022683235
            ],
            [
              -1.8203640580454805,
              53.64585638791129
            ],
            [
              -1.8185404780187182,
              53.645414411925806
            ],
            [
              -1.818217084516435,
              53.645717938100816
            ],
            [
              -1.8174624996777746,
              53.64551026253289
            ],
            [
              -1.817336735537998,
              53.64576586308666
            ],
            [
              -1.816007228917501,
              53.64567533806769
            ],
            [
              -1.8154233239828235,
              53.645457012222515
            ],
            [
              -1.8126565129077352,
              53.64527596066434
            ],
            [
              -1.8125217656151171,
              53.64557948783584
            ],
            [
              -1.8109676801735906,
              53.64539311176133
            ],
            [
              -1.810904798103702,
              53.64555286273275
            ],
            [
              -1.8101502132650416,
              53.64541973696526
            ],
            [
              -1.8100873311951533,
              53.645574162816565
            ],
            [
              -1.8081020544172492,
              53.64560611292208
            ],
            [
              -1.8077786609149662,
              53.64544103711629
            ],
            [
              -1.8081918859456612,
              53.64516945938467
            ],
            [
              -1.8076888293865543,
              53.645073608003
            ],
            [
              -1.8064761037529928,
              53.644514470601344
            ],
            [
              -1.8057125357614912,
              53.64433874017263
            ],
            [
              -1.8056137210802383,
              53.6437369910368
            ],
            [
              -1.8041225177086,
              53.64391804920195
            ],
            [
              -1.8023797860574078,
              53.6439659762332
            ],
            [
              -1.8007897680045164,
              53.64384882117176
            ],
            [
              -1.797924142248175,
              53.643476052902066
            ],
            [
              -1.7951842806316107,
              53.643481378186245
            ],
            [
              -1.795292078465705,
              53.64343877589388
            ],
            [
              -1.7948069882122801,
              53.643353571180015
            ],
            [
              -1.795902932858906,
              53.64301275060325
            ],
            [
              -1.7970437932697378,
              53.64249618916608
            ],
            [
              -1.7998195874976672,
              53.6407387678296
            ],
            [
              -1.8050298161455605,
              53.64043520581867
            ],
            [
              -1.811767180776457,
              53.639753514744825
            ],
            [
              -1.814174665737897,
              53.63965765105399
            ],
            [
              -1.8149382337293987,
              53.63946592301872
            ],
            [
              -1.814866368506669,
              53.63913572269292
            ],
            [
              -1.815728751179424,
              53.63861911377188
            ],
            [
              -1.8157557006379477,
              53.63837412176263
            ],
            [
              -1.8162138414328484,
              53.6381930397978
            ],
            [
              -1.8156658691095358,
              53.63823032144232
            ],
            [
              -1.8153784082186173,
              53.63782554753844
            ],
            [
              -1.8173277523851565,
              53.63735153105567
            ],
            [
              -1.8179206404726758,
              53.637042618571044
            ],
            [
              -1.8175433480533452,
              53.637074575139884
            ],
            [
              -1.8199867656261504,
              53.63633956793208
            ],
            [
              -1.8203640580454805,
              53.636760334495
            ],
            [
              -1.8208491482989053,
              53.63653131017743
            ],
            [
              -1.8212623733296,
              53.63649935319705
            ],
            [
              -1.823319515330234,
              53.63582292476664
            ],
            [
              -1.824550207269478,
              53.635162464495735
            ],
            [
              -1.8258797138899743,
              53.63411316360946
            ],
            [
              -1.8262929389206697,
              53.633585840113064
            ],
            [
              -1.8279188895849257,
              53.63317569505914
            ],
            [
              -1.8293202614281525,
              53.632424639884846
            ],
            [
              -1.8313504539702625,
              53.631780106699814
            ],
            [
              -1.8324643649225707,
              53.63156170892443
            ],
            [
              -1.8354737211243712,
              53.63066147201453
            ],
            [
              -1.8380249365312704,
              53.629335052457485
            ],
            [
              -1.837360183221022,
              53.62887159483111
            ],
            [
              -1.8377015430289874,
              53.6285999104077
            ],
            [
              -1.8401090279904277,
              53.62796064604088
            ],
            [
              -1.8410971748029594,
              53.62916458587637
            ],
            [
              -1.8381596838238885,
              53.630768009928985
            ],
            [
              -1.8387885045227719,
              53.631188832061184
            ],
            [
              -1.8383483300335537,
              53.631423212188466
            ],
            [
              -1.83869867299436,
              53.63199317661075
            ],
            [
              -1.8387615550642484,
              53.63285077212104
            ],
            [
              -1.8389052855097077,
              53.63286675199618
            ],
            [
              -1.838689689841519,
              53.6329732843424
            ],
            [
              -1.8390220664966432,
              53.63317569505914
            ],
            [
              -1.8394981735972262,
              53.632829465611465
            ],
            [
              -1.8400191964620158,
              53.63311710258312
            ],
            [
              -1.8398754660165568,
              53.63325026718369
            ],
            [
              -1.8399563143921274,
              53.633351471999035
            ],
            [
              -1.840306657352934,
              53.63332483917644
            ],
            [
              -1.8409264948989765,
              53.63377226836495
            ],
            [
              -1.8413936188467186,
              53.63372432975028
            ],
            [
              -1.841600231362066,
              53.63382553342849
            ],
            [
              -1.8420044732399201,
              53.63363910541194
            ],
            [
              -1.8431453336507517,
              53.63473102921953
            ],
            [
              -1.8430375358166573,
              53.6350665903712
            ],
            [
              -1.844959930524673,
              53.634715050050495
            ],
            [
              -1.8453821387082092,
              53.634842883233304
            ],
            [
              -1.846594864341771,
              53.63307448982215
            ],
            [
              -1.8471787692764485,
              53.632600419953775
            ],
            [
              -1.8475291122372548,
              53.63256313333369
            ],
            [
              -1.848130983477615,
              53.63267499309511
            ],
            [
              -1.8493526922640176,
              53.63255780667099
            ],
            [
              -1.8511762722907803,
              53.63198784987608
            ],
            [
              -1.8514547500288574,
              53.63226483918665
            ],
            [
              -1.8509516934697503,
              53.63265368649675
            ],
            [
              -1.8508618619413384,
              53.632941324666774
            ],
            [
              -1.8515715310157927,
              53.63360181970979
            ],
            [
              -1.8519218739765995,
              53.63345267657162
            ],
            [
              -1.8524249305357063,
              53.633766941854915
            ],
            [
              -1.852586627286848,
              53.63368171760262
            ],
            [
              -1.852766290343672,
              53.63392673686391
            ],
            [
              -1.853601723557903,
              53.63440611825955
            ],
            [
              -1.8538891844488212,
              53.63468841808863
            ],
            [
              -1.8550030954011296,
              53.63512518013986
            ],
            [
              -1.8560990400477555,
              53.63575368344924
            ],
            [
              -1.8562517536460554,
              53.63596140706052
            ],
            [
              -1.8564403998557206,
              53.63599869067737
            ],
            [
              -1.8567009112881154,
              53.63585488225942
            ],
            [
              -1.8576890581006467,
              53.636440765336836
            ],
            [
              -1.858793985900114,
              53.63677631288935
            ],
            [
              -1.8589826321097789,
              53.63671772541378
            ],
            [
              -1.860590616468353,
              53.6374473999875
            ],
            [
              -1.8603480713416405,
              53.63758587694883
            ],
            [
              -1.8601504419791344,
              53.637958697277625
            ],
            [
              -1.861048757263254,
              53.63801728302972
            ],
            [
              -1.8615428306695196,
              53.6381557581203
            ],
            [
              -1.8631418318752524,
              53.63813978024845
            ],
            [
              -1.863222680250823,
              53.638709653936935
            ],
            [
              -1.8631148824167287,
              53.638730957476966
            ],
            [
              -1.8632406465565052,
              53.63897062156071
            ],
            [
              -1.8646510015525732,
              53.64120209510794
            ],
            [
              -1.8648665972207619,
              53.64125002522554
            ],
            [
              -1.8646240520940494,
              53.6414470706924
            ],
            [
              -1.864309641744608,
              53.64146304731152
            ],
            [
              -1.8642108270633546,
              53.64161216213159
            ],
            [
              -1.863078949805364,
              53.64167606832166
            ],
            [
              -1.8630879329582053,
              53.64173464891082
            ],
            [
              -1.861974022005897,
              53.641899739224364
            ],
            [
              -1.8620189377701026,
              53.641974295928364
            ],
            [
              -1.8612284203200777,
              53.64212873439594
            ],
            [
              -1.8608421447479062,
              53.64238968086651
            ],
            [
              -1.8593868739876327,
              53.64265062572265
            ],
            [
              -1.8587760195944316,
              53.64322043847
            ],
            [
              -1.8582280472711186,
              53.64417898460203
            ],
            [
              -1.8567907428165273,
              53.644386666725794
            ],
            [
              -1.8564853156199266,
              53.64459967296986
            ],
            [
              -1.8559642927551374,
              53.64470085055893
            ],
            [
              -1.8565841303011799,
              53.644833978595734
            ],
            [
              -1.8575093950438228,
              53.64473812645158
            ],
            [
              -1.857644142336441,
              53.64500438186965
            ],
            [
              -1.8578597380046296,
              53.64505763275155
            ],
            [
              -1.8586772049131783,
              53.645685988080004
            ],
            [
              -1.8586502554546545,
              53.645920287670506
            ],
            [
              -1.8588119522057964,
              53.646106661415196
            ],
            [
              -1.8579046537688353,
              53.64646343171461
            ],
            [
              -1.8581202494370244,
              53.64670837673984
            ],
            [
              -1.8588299185114787,
              53.64707579160999
            ],
            [
              -1.8599258631581042,
              53.64682552385765
            ],
            [
              -1.8602762061189109,
              53.64688409729451
            ],
            [
              -1.8597731495598042,
              53.64727280985952
            ],
            [
              -1.8596923011842332,
              53.647682817860165
            ],
            [
              -1.860410953411529,
              53.6478478848907
            ],
            [
              -1.860509768092782,
              53.64832178342021
            ],
            [
              -1.8603031555774348,
              53.648508146551436
            ],
            [
              -1.860599599621194,
              53.64880632584816
            ],
            [
              -1.860958925734842,
              53.64881697506979
            ],
            [
              -1.8607882458308591,
              53.64924294172848
            ],
            [
              -1.8590544973325083,
              53.65117571138165
            ],
            [
              -1.8591892446251264,
              53.65157503291125
            ],
            [
              -1.8598899305467396,
              53.652442878660786
            ],
            [
              -1.8595216212802508,
              53.65269311307425
            ],
            [
              -1.8588838174285258,
              53.65281024356597
            ],
            [
              -1.860455869175735,
              53.65333200271224
            ],
            [
              -1.8608421447479062,
              53.65294334600252
            ],
            [
              -1.8627825057616043,
              53.65324681798656
            ],
            [
              -1.8641838776048312,
              53.65360885188204
            ],
            [
              -1.8644623553429078,
              53.65390699510869
            ],
            [
              -1.861345201307013,
              53.65475349742118
            ],
            [
              -1.8612194371672364,
              53.65493983212568
            ],
            [
              -1.861596729586567,
              53.65520602313197
            ],
            [
              -1.861596729586567,
              53.65534444179101
            ],
            [
              -1.8612733360842835,
              53.65522199453892
            ],
            [
              -1.8609319762763181,
              53.65521667073726
            ],
            [
              -1.8607612963723357,
              53.65509954693114
            ],
            [
              -1.8601684082848167,
              53.655312499063896
            ],
            [
              -1.8590724636381908,
              53.65541365095008
            ],
            [
              -1.8586233059961312,
              53.65534444179101
            ],
            [
              -1.8583538114108953,
              53.6554349460531
            ]
          ]
        ]
      }
    },
    {
      "type": "Feature",
      "properties": {
        "WardName": "Colne Valley West",
        "NoCllrs": 3,
        "Number": 8
      },
      "geometry": {
        "type": "Polygon",
        "coordinates": [
          [
            [
              -1.862575893246257,
              53.65898575403237
            ],
            [
              -1.8634652253775352,
              53.657660225021424
            ],
            [
              -1.8617314768791846,
              53.657239666946204
            ],
            [
              -1.8619919883115794,
              53.65683507547092
            ],
            [
              -1.8602043408961815,
              53.65659018927045
            ],
            [
              -1.8603301050359582,
              53.65538170827541
            ],
            [
              -1.8615518138223608,
              53.655365736928985
            ],
            [
              -1.861596729586567,
              53.65520602313197
            ],
            [
              -1.8612194371672364,
              53.65493983212568
            ],
            [
              -1.861345201307013,
              53.65475349742118
            ],
            [
              -1.8644623553429078,
              53.65390699510869
            ],
            [
              -1.8641838776048312,
              53.65360885188204
            ],
            [
              -1.8627825057616043,
              53.65324681798656
            ],
            [
              -1.8608421447479062,
              53.65294334600252
            ],
            [
              -1.860455869175735,
              53.65333200271224
            ],
            [
              -1.8588838174285258,
              53.65281024356597
            ],
            [
              -1.8595216212802508,
              53.65269311307425
            ],
            [
              -1.8598899305467396,
              53.652442878660786
            ],
            [
              -1.8591892446251264,
              53.65157503291125
            ],
            [
              -1.8590544973325083,
              53.65117571138165
            ],
            [
              -1.8607882458308591,
              53.64924294172848
            ],
            [
              -1.860958925734842,
              53.64881697506979
            ],
            [
              -1.860599599621194,
              53.64880632584816
            ],
            [
              -1.8603031555774348,
              53.648508146551436
            ],
            [
              -1.860509768092782,
              53.64832178342021
            ],
            [
              -1.860410953411529,
              53.6478478848907
            ],
            [
              -1.8596923011842332,
              53.647682817860165
            ],
            [
              -1.8597731495598042,
              53.64727280985952
            ],
            [
              -1.8602762061189109,
              53.64688409729451
            ],
            [
              -1.8599258631581042,
              53.64682552385765
            ],
            [
              -1.8588299185114787,
              53.64707579160999
            ],
            [
              -1.8581202494370244,
              53.64670837673984
            ],
            [
              -1.8579046537688353,
              53.64646343171461
            ],
            [
              -1.8588119522057964,
              53.646106661415196
            ],
            [
              -1.8586502554546545,
              53.645920287670506
            ],
            [
              -1.8586772049131783,
              53.645685988080004
            ],
            [
              -1.8578597380046296,
              53.64505763275155
            ],
            [
              -1.857644142336441,
              53.64500438186965
            ],
            [
              -1.8575093950438228,
              53.64473812645158
            ],
            [
              -1.8565841303011799,
              53.644833978595734
            ],
            [
              -1.8559642927551374,
              53.64470085055893
            ],
            [
              -1.8564853156199266,
              53.64459967296986
            ],
            [
              -1.8567907428165273,
              53.644386666725794
            ],
            [
              -1.8582280472711186,
              53.64417898460203
            ],
            [
              -1.8587760195944316,
              53.64322043847
            ],
            [
              -1.8593868739876327,
              53.64265062572265
            ],
            [
              -1.8608421447479062,
              53.64238968086651
            ],
            [
              -1.8612284203200777,
              53.64212873439594
            ],
            [
              -1.8620189377701026,
              53.641974295928364
            ],
            [
              -1.861974022005897,
              53.641899739224364
            ],
            [
              -1.8630879329582053,
              53.64173464891082
            ],
            [
              -1.863078949805364,
              53.64167606832166
            ],
            [
              -1.8642108270633546,
              53.64161216213159
            ],
            [
              -1.864309641744608,
              53.64146304731152
            ],
            [
              -1.8646240520940494,
              53.6414470706924
            ],
            [
              -1.8648665972207619,
              53.64125002522554
            ],
            [
              -1.8646510015525732,
              53.64120209510794
            ],
            [
              -1.8632406465565052,
              53.63897062156071
            ],
            [
              -1.8631148824167287,
              53.638730957476966
            ],
            [
              -1.863222680250823,
              53.638709653936935
            ],
            [
              -1.8631418318752524,
              53.63813978024845
            ],
            [
              -1.8615428306695196,
              53.6381557581203
            ],
            [
              -1.861048757263254,
              53.63801728302972
            ],
            [
              -1.8601504419791344,
              53.637958697277625
            ],
            [
              -1.8603480713416405,
              53.63758587694883
            ],
            [
              -1.860590616468353,
              53.6374473999875
            ],
            [
              -1.8589826321097789,
              53.63671772541378
            ],
            [
              -1.858793985900114,
              53.63677631288935
            ],
            [
              -1.8576890581006467,
              53.636440765336836
            ],
            [
              -1.8567009112881154,
              53.63585488225942
            ],
            [
              -1.8564403998557206,
              53.63599869067737
            ],
            [
              -1.8562517536460554,
              53.63596140706052
            ],
            [
              -1.8560990400477555,
              53.63575368344924
            ],
            [
              -1.8550030954011296,
              53.63512518013986
            ],
            [
              -1.8538891844488212,
              53.63468841808863
            ],
            [
              -1.853601723557903,
              53.63440611825955
            ],
            [
              -1.852766290343672,
              53.63392673686391
            ],
            [
              -1.852586627286848,
              53.63368171760262
            ],
            [
              -1.8524249305357063,
              53.633766941854915
            ],
            [
              -1.8519218739765995,
              53.63345267657162
            ],
            [
              -1.8515715310157927,
              53.63360181970979
            ],
            [
              -1.8508618619413384,
              53.632941324666774
            ],
            [
              -1.8509516934697503,
              53.63265368649675
            ],
            [
              -1.8514547500288574,
              53.63226483918665
            ],
            [
              -1.8511762722907803,
              53.63198784987608
            ],
            [
              -1.8493526922640176,
              53.63255780667099
            ],
            [
              -1.848130983477615,
              53.63267499309511
            ],
            [
              -1.8475291122372548,
              53.63256313333369
            ],
            [
              -1.8471787692764485,
              53.632600419953775
            ],
            [
              -1.846594864341771,
              53.63307448982215
            ],
            [
              -1.8453821387082092,
              53.634842883233304
            ],
            [
              -1.844959930524673,
              53.634715050050495
            ],
            [
              -1.8437561880439532,
              53.63488549420818
            ],
            [
              -1.843100417886546,
              53.63507191671718
            ],
            [
              -1.8431363504979108,
              53.634715050050495
            ],
            [
              -1.8420044732399201,
              53.63363910541194
            ],
            [
              -1.841600231362066,
              53.63382553342849
            ],
            [
              -1.8413936188467186,
              53.63372432975028
            ],
            [
              -1.8409264948989765,
              53.63377226836495
            ],
            [
              -1.840306657352934,
              53.63332483917644
            ],
            [
              -1.8399563143921274,
              53.633351471999035
            ],
            [
              -1.8398754660165568,
              53.63325026718369
            ],
            [
              -1.8400191964620158,
              53.63311710258312
            ],
            [
              -1.8394981735972262,
              53.632829465611465
            ],
            [
              -1.8390220664966432,
              53.63317569505914
            ],
            [
              -1.838689689841519,
              53.6329732843424
            ],
            [
              -1.8389052855097077,
              53.63286675199618
            ],
            [
              -1.8387615550642484,
              53.63285077212104
            ],
            [
              -1.83869867299436,
              53.63199317661075
            ],
            [
              -1.8383483300335537,
              53.631423212188466
            ],
            [
              -1.8387885045227719,
              53.631188832061184
            ],
            [
              -1.8381596838238885,
              53.630768009928985
            ],
            [
              -1.8410971748029594,
              53.62916458587637
            ],
            [
              -1.8400102133091745,
              53.62785410103822
            ],
            [
              -1.8407558149949936,
              53.62676732664534
            ],
            [
              -1.8406120845495346,
              53.6262079465625
            ],
            [
              -1.8408276802177233,
              53.62574978211403
            ],
            [
              -1.8408725959819294,
              53.62467893650478
            ],
            [
              -1.8404953035625993,
              53.624087562358454
            ],
            [
              -1.837584762042052,
              53.62220150297009
            ],
            [
              -1.8351143950107232,
              53.62253716377195
            ],
            [
              -1.8385010436318538,
              53.6211252392233
            ],
            [
              -1.8381776501295708,
              53.620880145622884
            ],
            [
              -1.839057999108008,
              53.618993942905725
            ],
            [
              -1.8352221928448174,
              53.6170703555929
            ],
            [
              -1.8351862602334528,
              53.61688918218827
            ],
            [
              -1.8353120243732293,
              53.61678793788819
            ],
            [
              -1.8371805201641982,
              53.616217768085356
            ],
            [
              -1.83584203039086,
              53.615066747637066
            ],
            [
              -1.8343508270192215,
              53.61473102742842
            ],
            [
              -1.8344855743118396,
              53.61446990986495
            ],
            [
              -1.834737102591393,
              53.6146883960998
            ],
            [
              -1.8353838895959589,
              53.614858921156035
            ],
            [
              -1.8381596838238885,
              53.61519464034769
            ],
            [
              -1.8398215670995097,
              53.61520529805608
            ],
            [
              -1.8453551892496858,
              53.61474701416557
            ],
            [
              -1.847798606822491,
              53.61474701416557
            ],
            [
              -1.847403348097478,
              53.613489372351204
            ],
            [
              -1.8476997921412377,
              53.61343608161649
            ],
            [
              -1.8477806405168087,
              53.612769941757314
            ],
            [
              -1.8476638595298729,
              53.612077145154984
            ],
            [
              -1.8474123312503197,
              53.611474935796515
            ],
            [
              -1.846648763258818,
              53.61059558812045
            ],
            [
              -1.8465319822718824,
              53.60950836931307
            ],
            [
              -1.8512211880549865,
              53.60763231809671
            ],
            [
              -1.8517511940726166,
              53.60750973230391
            ],
            [
              -1.8566020966068622,
              53.60741912518485
            ],
            [
              -1.8573027825284751,
              53.60757369015326
            ],
            [
              -1.858254996729642,
              53.60823991199096
            ],
            [
              -1.8582370304239597,
              53.609561665005124
            ],
            [
              -1.8660613565486406,
              53.607579019969656
            ],
            [
              -1.8665105141907006,
              53.60895941977048
            ],
            [
              -1.8707415791789033,
              53.60812265770965
            ],
            [
              -1.8719902374238298,
              53.60934315224025
            ],
            [
              -1.8713793830306282,
              53.609694903940955
            ],
            [
              -1.8730502494590904,
              53.61064888244031
            ],
            [
              -1.8745414528307291,
              53.60979616525102
            ],
            [
              -1.8763021507876034,
              53.60947106228861
            ],
            [
              -1.8768501231109163,
              53.609870778692525
            ],
            [
              -1.8803894853303469,
              53.608133317203226
            ],
            [
              -1.8809644071121836,
              53.60798408404836
            ],
            [
              -1.8811440701690076,
              53.60662497211657
            ],
            [
              -1.8805511820814884,
              53.60650771335127
            ],
            [
              -1.8797786309371458,
              53.60559095178139
            ],
            [
              -1.8895972169925723,
              53.59730721544107
            ],
            [
              -1.8923730112205015,
              53.59622498576858
            ],
            [
              -1.8966130593615456,
              53.5950467633247
            ],
            [
              -1.8969005202524638,
              53.59649687858941
            ],
            [
              -1.905057223032269,
              53.594918809588194
            ],
            [
              -1.905281801853299,
              53.59473754113149
            ],
            [
              -1.9069436851289203,
              53.59117599135695
            ],
            [
              -1.9059016393993415,
              53.58671829951502
            ],
            [
              -1.9051201051021576,
              53.58501188154398
            ],
            [
              -1.90431162134645,
              53.58373202285157
            ],
            [
              -1.9025509233895757,
              53.5815561741303
            ],
            [
              -1.9007632759741777,
              53.5805962052636
            ],
            [
              -1.8984186730826258,
              53.57913487747131
            ],
            [
              -1.890423667053962,
              53.57329439527106
            ],
            [
              -1.888438390276058,
              53.57448389223041
            ],
            [
              -1.8847373313054858,
              53.56900019283486
            ],
            [
              -1.8819615370775562,
              53.56448147424606
            ],
            [
              -1.8873963445464792,
              53.56305160205425
            ],
            [
              -1.9058657067879767,
              53.558601615894226
            ],
            [
              -1.925996952305095,
              53.55501567497669
            ],
            [
              -1.9275240882880982,
              53.55463678549043
            ],
            [
              -1.928700881310295,
              53.555586671032486
            ],
            [
              -1.9427235828954006,
              53.56164302397847
            ],
            [
              -1.9445920786863693,
              53.56868544531815
            ],
            [
              -1.9463976924074498,
              53.571507419904414
            ],
            [
              -1.9481134746001176,
              53.57284632495962
            ],
            [
              -1.950323330199052,
              53.57416385149601
            ],
            [
              -1.950934184592253,
              53.57363577898809
            ],
            [
              -1.9537099788201824,
              53.57568402340945
            ],
            [
              -1.9538267598071182,
              53.57591871174668
            ],
            [
              -1.9536920125145,
              53.576030721630204
            ],
            [
              -1.9565845877293648,
              53.577572160837434
            ],
            [
              -1.9668613145796925,
              53.58001488018531
            ],
            [
              -1.9675889499598291,
              53.58099086176996
            ],
            [
              -1.9694215131394328,
              53.58220680730017
            ],
            [
              -1.9711642447906246,
              53.58415331395004
            ],
            [
              -1.9782429692294865,
              53.58678762128878
            ],
            [
              -1.9804528248284206,
              53.58858461528311
            ],
            [
              -1.9816475841562995,
              53.58933645063157
            ],
            [
              -1.9827525119557667,
              53.59026422900653
            ],
            [
              -1.9836238777813626,
              53.59146391222256
            ],
            [
              -1.9907115853730657,
              53.59947692245642
            ],
            [
              -1.992301603425957,
              53.60114544197506
            ],
            [
              -1.9947629873044446,
              53.60338957675005
            ],
            [
              -1.995876898256753,
              53.60511657315623
            ],
            [
              -1.9996049066858488,
              53.60794144590725
            ],
            [
              -2.0066297322076636,
              53.61224768075796
            ],
            [
              -2.007510081186101,
              53.61253545802608
            ],
            [
              -2.0075639801031477,
              53.612668687578584
            ],
            [
              -2.007249569753706,
              53.61291382885679
            ],
            [
              -2.0074292328105297,
              53.613169626934
            ],
            [
              -2.0074112665048474,
              53.61364391510151
            ],
            [
              -2.007671777937242,
              53.614373988721766
            ],
            [
              -2.008228733413396,
              53.61447523881097
            ],
            [
              -2.008534160609997,
              53.614810961053585
            ],
            [
              -2.0086150089855677,
              53.6151306940408
            ],
            [
              -2.0089923014048976,
              53.61556232973261
            ],
            [
              -2.00901026771058,
              53.61603659102176
            ],
            [
              -2.009270779142975,
              53.61617513825799
            ],
            [
              -2.0092617959901338,
              53.61655347647157
            ],
            [
              -2.009468408505481,
              53.6167772805793
            ],
            [
              -2.00412343256497,
              53.619494807213364
            ],
            [
              -2.004213264093382,
              53.6200969021851
            ],
            [
              -2.0040515673422403,
              53.62080555163591
            ],
            [
              -2.0045456407485065,
              53.62240929330506
            ],
            [
              -1.9937119584220249,
              53.623922402332795
            ],
            [
              -1.9885646118440197,
              53.624007646297734
            ],
            [
              -1.9865254361490683,
              53.62392773008565
            ],
            [
              -1.9820158934227885,
              53.62349617992569
            ],
            [
              -1.9795095937800953,
              53.62305929749131
            ],
            [
              -1.9774973675436673,
              53.624007646297734
            ],
            [
              -1.972745279690675,
              53.62577109219865
            ],
            [
              -1.9660887634353494,
              53.62941495843033
            ],
            [
              -1.9644268801597282,
              53.63179608698044
            ],
            [
              -1.963214154526167,
              53.63273358618515
            ],
            [
              -1.9611929451368981,
              53.633101122802785
            ],
            [
              -1.9573751051793902,
              53.634139795934445
            ],
            [
              -1.9525960678678742,
              53.63566846321025
            ],
            [
              -1.9478170305563585,
              53.63737283528158
            ],
            [
              -1.945364629830712,
              53.63855520295014
            ],
            [
              -1.9413311942050155,
              53.64077604722417
            ],
            [
              -1.9389865913134636,
              53.64249086375748
            ],
            [
              -1.9386182820469746,
              53.642922219674574
            ],
            [
              -1.9359502856531396,
              53.645196084729804
            ],
            [
              -1.9341536550849003,
              53.648337757435165
            ],
            [
              -1.9320156647086961,
              53.648486847949556
            ],
            [
              -1.9295452976773673,
              53.64834308210547
            ],
            [
              -1.9281708752926645,
              53.648178017013365
            ],
            [
              -1.9265628909340904,
              53.647597621720614
            ],
            [
              -1.9111837332699644,
              53.645755213094525
            ],
            [
              -1.9110489859773463,
              53.64562208796578
            ],
            [
              -1.9108333903091577,
              53.64559546288962
            ],
            [
              -1.9105459294182394,
              53.64570728809657
            ],
            [
              -1.909782361426738,
              53.64556883779663
            ],
            [
              -1.9069975840459674,
              53.64542506200402
            ],
            [
              -1.9051829871720458,
              53.64495645601846
            ],
            [
              -1.9033144913810773,
              53.64508958324841
            ],
            [
              -1.8991103758513979,
              53.64476475206903
            ],
            [
              -1.8983198584013725,
              53.64457837239388
            ],
            [
              -1.8974215431172534,
              53.644711500817316
            ],
            [
              -1.89694543601667,
              53.644897879904136
            ],
            [
              -1.894457102679659,
              53.64544103711629
            ],
            [
              -1.8945828668194356,
              53.644913855216124
            ],
            [
              -1.8928850509324497,
              53.64546766228997
            ],
            [
              -1.8907650268619274,
              53.646436807169614
            ],
            [
              -1.8844049546503614,
              53.65055808663428
            ],
            [
              -1.8807218619854713,
              53.65245885111452
            ],
            [
              -1.8693402073356769,
              53.657010753825354
            ],
            [
              -1.8630160677354757,
              53.65942226450266
            ],
            [
              -1.862575893246257,
              53.65898575403237
            ]
          ]
        ]
      }
    },
    {
      "type": "Feature",
      "properties": {
        "WardName": "Kirkburton",
        "NoCllrs": 3,
        "Number": 19
      },
      "geometry": {
        "type": "Polygon",
        "coordinates": [
          [
            [
              -1.6567089795845864,
              53.664361970379005
            ],
            [
              -1.6543643766930343,
              53.663654052383826
            ],
            [
              -1.6530348700725375,
              53.6630951613562
            ],
            [
              -1.6514897677838518,
              53.6632495224761
            ],
            [
              -1.6499626318008487,
              53.66291418553014
            ],
            [
              -1.6498728002724368,
              53.66256287729637
            ],
            [
              -1.6503668736787025,
              53.66246706545167
            ],
            [
              -1.650115345399149,
              53.662014617686566
            ],
            [
              -1.6497021203684539,
              53.662094461762756
            ],
            [
              -1.649621271992883,
              53.661977357065915
            ],
            [
              -1.65057348619405,
              53.66183363722053
            ],
            [
              -1.6502141600804021,
              53.660726445685015
            ],
            [
              -1.6501243285519902,
              53.66057739844942
            ],
            [
              -1.6493877100190122,
              53.66073709189595
            ],
            [
              -1.6492619458792355,
              53.66014089994178
            ],
            [
              -1.649055333363888,
              53.66013557676135
            ],
            [
              -1.6489475355297936,
              53.65988006331001
            ],
            [
              -1.647770742507597,
              53.65880476056039
            ],
            [
              -1.6474024332411081,
              53.65874088032591
            ],
            [
              -1.6473754837825845,
              53.65860247281911
            ],
            [
              -1.6470520902803014,
              53.65855988580249
            ],
            [
              -1.6468275114592714,
              53.65865570652935
            ],
            [
              -1.646656831555289,
              53.658565209181894
            ],
            [
              -1.6464951348041474,
              53.65878346715966
            ],
            [
              -1.6462256402189115,
              53.658842023985805
            ],
            [
              -1.6451746113364918,
              53.658517298742844
            ],
            [
              -1.6447164705415906,
              53.658458741465594
            ],
            [
              -1.64380917210463,
              53.658565209181894
            ],
            [
              -1.6424078002614035,
              53.65829903938688
            ],
            [
              -1.6420754236062793,
              53.658325656442024
            ],
            [
              -1.6419855920778672,
              53.658527945511786
            ],
            [
              -1.6415813502000134,
              53.65859182606898
            ],
            [
              -1.64132982192046,
              53.658485358419874
            ],
            [
              -1.6407010012215764,
              53.658469388249316
            ],
            [
              -1.6405123550119114,
              53.658639736423325
            ],
            [
              -1.6398206522431393,
              53.65859182606898
            ],
            [
              -1.639398444059603,
              53.65868232335926
            ],
            [
              -1.638886404347655,
              53.658554562422374
            ],
            [
              -1.6385899603038956,
              53.658671676629304
            ],
            [
              -1.6381408026618356,
              53.658687646723244
            ],
            [
              -1.6379880890635354,
              53.658565209181894
            ],
            [
              -1.6372155379191926,
              53.658469388249316
            ],
            [
              -1.6365507846089442,
              53.658645059792676
            ],
            [
              -1.6362902731765496,
              53.65853859227805
            ],
            [
              -1.6356434861719835,
              53.65857053256067
            ],
            [
              -1.6357153513947131,
              53.65870361681108
            ],
            [
              -1.6353380589753828,
              53.65873023361076
            ],
            [
              -1.6345116089139928,
              53.65834695007402
            ],
            [
              -1.6342600806344394,
              53.65833097985102
            ],
            [
              -1.634287030092963,
              53.65819257099826
            ],
            [
              -1.6340714344247742,
              53.658011574120465
            ],
            [
              -1.633541428407144,
              53.658219188120626
            ],
            [
              -1.633182102293496,
              53.65805416169104
            ],
            [
              -1.6324365006076769,
              53.658160630429244
            ],
            [
              -1.6322478543980117,
              53.658011574120465
            ],
            [
              -1.6323826016906295,
              53.65791042846789
            ],
            [
              -1.6319873429656169,
              53.6579423692265
            ],
            [
              -1.6316998820746988,
              53.65786251728459
            ],
            [
              -1.631619033699128,
              53.65797963341428
            ],
            [
              -1.631295640196845,
              53.65797963341428
            ],
            [
              -1.6310620782229739,
              53.65809674921861
            ],
            [
              -1.6309452972360385,
              53.6579956037704
            ],
            [
              -1.6310620782229739,
              53.65791042846789
            ],
            [
              -1.6309183477775149,
              53.65777201823421
            ],
            [
              -1.6309003814718324,
              53.657138519441425
            ],
            [
              -1.6311968255155918,
              53.65634530164739
            ],
            [
              -1.6311788592099095,
              53.65563192524603
            ],
            [
              -1.6308195330962618,
              53.654844002951954
            ],
            [
              -1.6305500385110256,
              53.65369403587622
            ],
            [
              -1.6301637629388546,
              53.65361417588672
            ],
            [
              -1.6300290156462365,
              53.6538111635872
            ],
            [
              -1.6298583357422538,
              53.653651443900635
            ],
            [
              -1.6296876558382711,
              53.6537419517973
            ],
            [
              -1.6290498519865462,
              53.65361417588672
            ],
            [
              -1.6289600204581343,
              53.653736627808755
            ],
            [
              -1.6273700024052429,
              53.65385375540142
            ],
            [
              -1.6254745571557505,
              53.654167868702444
            ],
            [
              -1.6241001347710478,
              53.654098657498146
            ],
            [
              -1.6247469217756136,
              53.65395491078774
            ],
            [
              -1.6246750565528842,
              53.65379519164576
            ],
            [
              -1.6248816690682317,
              53.65359820387065
            ],
            [
              -1.6245133598017425,
              53.653156309026926
            ],
            [
              -1.6239833537841122,
              53.65306579987299
            ],
            [
              -1.624019286395477,
              53.65275700247371
            ],
            [
              -1.6236689434346703,
              53.6525706581213
            ],
            [
              -1.6236779265875114,
              53.652432230354925
            ],
            [
              -1.6238935222557003,
              53.652421582046365
            ],
            [
              -1.623920471714224,
              53.652224587853155
            ],
            [
              -1.6237318255045585,
              53.652054213754596
            ],
            [
              -1.6233455499323872,
              53.65204888955293
            ],
            [
              -1.623336566779546,
              53.65177735437605
            ],
            [
              -1.6235072466835287,
              53.651676193765
            ],
            [
              -1.6233724993909109,
              53.65137803476262
            ],
            [
              -1.6228604596789626,
              53.65128219749265
            ],
            [
              -1.6227526618448684,
              53.651127792543946
            ],
            [
              -1.6224562178011088,
              53.65103195470517
            ],
            [
              -1.622042992770414,
              53.65020135097729
            ],
            [
              -1.6216207845868778,
              53.650100186584936
            ],
            [
              -1.621584851975513,
              53.64963163254972
            ],
            [
              -1.6218184139493839,
              53.64950916870498
            ],
            [
              -1.6213423068488007,
              53.64900333601245
            ],
            [
              -1.6213692563073243,
              53.648710482732746
            ],
            [
              -1.6210548459578824,
              53.648603990126766
            ],
            [
              -1.6208302671368526,
              53.647773338569834
            ],
            [
              -1.620390092647634,
              53.64726748505406
            ],
            [
              -1.6195007605163556,
              53.646868122728904
            ],
            [
              -1.6194378784464674,
              53.64671902649127
            ],
            [
              -1.6195726257390852,
              53.64661785374408
            ],
            [
              -1.619195333319755,
              53.64631965897195
            ],
            [
              -1.6198600866300035,
              53.645355836447585
            ],
            [
              -1.6198600866300035,
              53.645073608003
            ],
            [
              -1.620111614909557,
              53.644924505420725
            ],
            [
              -1.6205428062459344,
              53.644248212090254
            ],
            [
              -1.6205068736345696,
              53.6440618301323
            ],
            [
              -1.6207763682198055,
              53.643635811135354
            ],
            [
              -1.6210009470408353,
              53.64362516060532
            ],
            [
              -1.6211985764033416,
              53.64336422177867
            ],
            [
              -1.6214680709885774,
              53.64332694467163
            ],
            [
              -1.6218273971022252,
              53.64296482248873
            ],
            [
              -1.6221957063687142,
              53.64294352108705
            ],
            [
              -1.6227167292335036,
              53.64222459247068
            ],
            [
              -1.622599948246568,
              53.64145239623278
            ],
            [
              -1.623058089041469,
              53.641026350877326
            ],
            [
              -1.6233006341681813,
              53.63993991574221
            ],
            [
              -1.6237677581159233,
              53.6393966876807
            ],
            [
              -1.6234174151551168,
              53.6392688682966
            ],
            [
              -1.6231658868755632,
              53.63810782448653
            ],
            [
              -1.6226538471636154,
              53.63790543743238
            ],
            [
              -1.6223035042028087,
              53.63746337812163
            ],
            [
              -1.6220340096175727,
              53.637394139496735
            ],
            [
              -1.620758401914123,
              53.63836879583359
            ],
            [
              -1.6194378784464674,
              53.63913572269292
            ],
            [
              -1.618548546315189,
              53.638427381016136
            ],
            [
              -1.6171920902361685,
              53.637713701432745
            ],
            [
              -1.617165140777645,
              53.637356857113154
            ],
            [
              -1.6157997015457832,
              53.634720376440846
            ],
            [
              -1.6148564704974577,
              53.63417708116116
            ],
            [
              -1.613580862794008,
              53.633761615344184
            ],
            [
              -1.6121435583394168,
              53.632706952972484
            ],
            [
              -1.6124849181473824,
              53.63254715334354
            ],
            [
              -1.6156380047946417,
              53.63183337427841
            ],
            [
              -1.615691903711689,
              53.630235317666816
            ],
            [
              -1.6153954596679294,
              53.63021933679504
            ],
            [
              -1.6153325775980412,
              53.62995831503278
            ],
            [
              -1.613760525850832,
              53.629510845397995
            ],
            [
              -1.611559653404739,
              53.628418786486975
            ],
            [
              -1.6106972707319844,
              53.628232334580055
            ],
            [
              -1.6103109951598131,
              53.627918028072095
            ],
            [
              -1.6119549121297516,
              53.62675667185589
            ],
            [
              -1.6145690096065395,
              53.625925589990516
            ],
            [
              -1.615467324890659,
              53.626080087216785
            ],
            [
              -1.615880549921354,
              53.62600550241953
            ],
            [
              -1.6160512298253367,
              53.626122707041716
            ],
            [
              -1.6160512298253367,
              53.626405062294886
            ],
            [
              -1.6165812358429672,
              53.62647431895523
            ],
            [
              -1.6166261516071732,
              53.626602177106534
            ],
            [
              -1.6171831070833274,
              53.626548902923915
            ],
            [
              -1.6170932755549154,
              53.62679396360719
            ],
            [
              -1.618090405520288,
              53.62687387439188
            ],
            [
              -1.6189527881930428,
              53.62725211671953
            ],
            [
              -1.619653474114656,
              53.62722548004686
            ],
            [
              -1.619931951852733,
              53.62743857295748
            ],
            [
              -1.620668570385711,
              53.627651664792054
            ],
            [
              -1.6212345090147064,
              53.62744390026645
            ],
            [
              -1.6218992623249548,
              53.627497173319234
            ],
            [
              -1.6221148579931435,
              53.627875410060255
            ],
            [
              -1.622959274360216,
              53.62795531879713
            ],
            [
              -1.6231479205698809,
              53.62807251800415
            ],
            [
              -1.6238575896443352,
              53.62786475555058
            ],
            [
              -1.6247648880812962,
              53.627971300526355
            ],
            [
              -1.6253487930159738,
              53.627800828436
            ],
            [
              -1.625447607697227,
              53.62785410103822
            ],
            [
              -1.625357776168815,
              53.627971300526355
            ],
            [
              -1.6256721865182568,
              53.627992609489205
            ],
            [
              -1.6262740577586168,
              53.62847205830907
            ],
            [
              -1.627244238265466,
              53.62846140395003
            ],
            [
              -1.6274418676279723,
              53.62825364341111
            ],
            [
              -1.6283761155234566,
              53.628722434972055
            ],
            [
              -1.6284569638990274,
              53.62891421183685
            ],
            [
              -1.629085784597911,
              53.6289088847135
            ],
            [
              -1.6299571504235069,
              53.628546638747004
            ],
            [
              -1.6313675054195744,
              53.62839215055072
            ],
            [
              -1.6315381853235573,
              53.62826429782262
            ],
            [
              -1.6312597075854802,
              53.628093826915915
            ],
            [
              -1.6313046233496862,
              53.628013918441326
            ],
            [
              -1.6322478543980117,
              53.6277315739526
            ],
            [
              -1.6322478543980117,
              53.6276463375093
            ],
            [
              -1.6325173489832476,
              53.62767830119571
            ],
            [
              -1.6325622647474536,
              53.62758241006386
            ],
            [
              -1.6333348158917962,
              53.627342681280865
            ],
            [
              -1.6341612659531863,
              53.62691649341519
            ],
            [
              -1.6342960132458042,
              53.62697509450194
            ],
            [
              -1.6346643225122932,
              53.62682060055223
            ],
            [
              -1.6347541540407051,
              53.626692743062684
            ],
            [
              -1.6356884019361895,
              53.62655423034522
            ],
            [
              -1.6358411155344899,
              53.62635178786341
            ],
            [
              -1.6360926438140433,
              53.62631449572136
            ],
            [
              -1.6364429867748498,
              53.62609074217705
            ],
            [
              -1.6369819759453217,
              53.626016157398645
            ],
            [
              -1.6427491600693689,
              53.624321981930315
            ],
            [
              -1.6434767954495058,
              53.62402362952197
            ],
            [
              -1.6447793526114791,
              53.62326175576706
            ],
            [
              -1.648004304481468,
              53.62232937406651
            ],
            [
              -1.6488397376956994,
              53.62245191683709
            ],
            [
              -1.6488846534599053,
              53.62257445925184
            ],
            [
              -1.6485792262633048,
              53.62296872373776
            ],
            [
              -1.648740923014446,
              53.62350150773235
            ],
            [
              -1.6490643165167291,
              53.623730602782274
            ],
            [
              -1.6522443526225123,
              53.62279290354362
            ],
            [
              -1.6542655620117812,
              53.62266503385148
            ],
            [
              -1.6549392984748708,
              53.62252117998478
            ],
            [
              -1.6558106643004666,
              53.62212691131828
            ],
            [
              -1.6565203333749212,
              53.62210559939354
            ],
            [
              -1.6569066089470925,
              53.62211092737575
            ],
            [
              -1.657795941078371,
              53.622681017584206
            ],
            [
              -1.658307980790319,
              53.62316585459962
            ],
            [
              -1.6593500265198975,
              53.623293722774456
            ],
            [
              -1.6625120963199984,
              53.62237199767925
            ],
            [
              -1.6659167112468114,
              53.62219617499934
            ],
            [
              -1.6673090999371967,
              53.622286750410765
            ],
            [
              -1.6675336787582264,
              53.622206830940186
            ],
            [
              -1.6676953755093682,
              53.622563803403814
            ],
            [
              -1.6674977461468616,
              53.622952740113995
            ],
            [
              -1.666868925447978,
              53.623485524310354
            ],
            [
              -1.666500616181489,
              53.623656013832765
            ],
            [
              -1.6683152130554104,
              53.62416215054526
            ],
            [
              -1.6721240698600772,
              53.62390641907022
            ],
            [
              -1.6740195151095696,
              53.62364535825779
            ],
            [
              -1.6740374814152519,
              53.623272411438876
            ],
            [
              -1.6768492082545459,
              53.622297406328734
            ],
            [
              -1.677136669145464,
              53.62192977560395
            ],
            [
              -1.6785290578358494,
              53.62099203635616
            ],
            [
              -1.6788075355739265,
              53.6205604561792
            ],
            [
              -1.6797238171637283,
              53.62033134392181
            ],
            [
              -1.6800382275131702,
              53.62040593874679
            ],
            [
              -1.68048738515523,
              53.62035798494586
            ],
            [
              -1.6801370421944235,
              53.62018748210135
            ],
            [
              -1.6788434681852913,
              53.61994771131105
            ],
            [
              -1.6778553213727596,
              53.61909518191521
            ],
            [
              -1.6770558207698933,
              53.618786135757176
            ],
            [
              -1.6768312419488636,
              53.617981539456785
            ],
            [
              -1.6764090337653272,
              53.617555257056424
            ],
            [
              -1.6748639314766418,
              53.61681458114858
            ],
            [
              -1.6749807124635774,
              53.616713336669605
            ],
            [
              -1.6738757846641104,
              53.61599396101145
            ],
            [
              -1.6746124031970884,
              53.61408622398461
            ],
            [
              -1.6754298701056372,
              53.61421411966549
            ],
            [
              -1.6767863261846576,
              53.61427806736063
            ],
            [
              -1.6770558207698933,
              53.612396898845525
            ],
            [
              -1.6740374814152519,
              53.61197588931486
            ],
            [
              -1.6719533899560945,
              53.61146960647181
            ],
            [
              -1.6715581312310819,
              53.61128840903185
            ],
            [
              -1.6707676137810568,
              53.610558282056544
            ],
            [
              -1.6698333658855726,
              53.609940062484455
            ],
            [
              -1.669581837606019,
              53.609289856272405
            ],
            [
              -1.6692674272565773,
              53.60909799023124
            ],
            [
              -1.6688811516844058,
              53.6084051333802
            ],
            [
              -1.6686835223218994,
              53.60777622270382
            ],
            [
              -1.6687374212389467,
              53.60726988950615
            ],
            [
              -1.6681714826099514,
              53.60665695172334
            ],
            [
              -1.6669677401292313,
              53.60634248453846
            ],
            [
              -1.6665994308627423,
              53.60535642818322
            ],
            [
              -1.6661862058320471,
              53.60508992251359
            ],
            [
              -1.666078407997953,
              53.60474346262893
            ],
            [
              -1.6656112840502109,
              53.60444497183384
            ],
            [
              -1.6655484019803222,
              53.6040878461465
            ],
            [
              -1.6645243225564261,
              53.603821332471895
            ],
            [
              -1.6640841480672075,
              53.60352283515977
            ],
            [
              -1.6635631252024183,
              53.60163052633827
            ],
            [
              -1.6625390457785219,
              53.60031918655311
            ],
            [
              -1.661443101131896,
              53.599780779161925
            ],
            [
              -1.661110724476772,
              53.59947692245642
            ],
            [
              -1.6610747918654072,
              53.59915707093148
            ],
            [
              -1.6605807184591415,
              53.59917306356525
            ],
            [
              -1.6605717353063,
              53.598981151560466
            ],
            [
              -1.6599159651488928,
              53.59870394379216
            ],
            [
              -1.6597273189392279,
              53.598506698695495
            ],
            [
              -1.660607667917665,
              53.59827213576013
            ],
            [
              -1.6610478424068835,
              53.59792028891507
            ],
            [
              -1.66139818536769,
              53.59793628201704
            ],
            [
              -1.6620090397608913,
              53.59756310805981
            ],
            [
              -1.6633475295342295,
              53.59721658643358
            ],
            [
              -1.664470423639379,
              53.59663015874482
            ],
            [
              -1.664757884530297,
              53.59658217793732
            ],
            [
              -1.6655484019803222,
              53.596129023178726
            ],
            [
              -1.6662401047490942,
              53.59551059237114
            ],
            [
              -1.666994689587755,
              53.59523869320289
            ],
            [
              -1.667973853247445,
              53.594476299928715
            ],
            [
              -1.6680906342343806,
              53.59424704611397
            ],
            [
              -1.6637966871762893,
              53.591933112392546
            ],
            [
              -1.665440604146228,
              53.59040819279083
            ],
            [
              -1.6695279386889719,
              53.58906451173045
            ],
            [
              -1.674046464568093,
              53.58800873235268
            ],
            [
              -1.6759688592761088,
              53.5881793651502
            ],
            [
              -1.6806400987535304,
              53.58721421431669
            ],
            [
              -1.6815653634961734,
              53.58684627808546
            ],
            [
              -1.6823648640990398,
              53.58673429685754
            ],
            [
              -1.683020634256447,
              53.58617971878399
            ],
            [
              -1.6831194489377002,
              53.58569445700006
            ],
            [
              -1.6835596234269188,
              53.58552914676838
            ],
            [
              -1.6840447136803434,
              53.58516652851157
            ],
            [
              -1.684305225112738,
              53.584606597151144
            ],
            [
              -1.6850777762570808,
              53.58367336173267
            ],
            [
              -1.6862276198207538,
              53.583316060432026
            ],
            [
              -1.6867216932270195,
              53.582697442083415
            ],
            [
              -1.6875481432884094,
              53.5823134675201
            ],
            [
              -1.6896502010532493,
              53.58356137209773
            ],
            [
              -1.6899466450970084,
              53.58347071360452
            ],
            [
              -1.6900724092367851,
              53.583204069850424
            ],
            [
              -1.6903868195862273,
              53.583001419472325
            ],
            [
              -1.6905395331845274,
              53.58258011689248
            ],
            [
              -1.6909527582152224,
              53.58246279137586
            ],
            [
              -1.690880892992493,
              53.58227080346444
            ],
            [
              -1.6912222528004583,
              53.582265470454445
            ],
            [
              -1.6920127702504835,
              53.58140151395277
            ],
            [
              -1.6929739676044915,
              53.5808148667561
            ],
            [
              -1.6930188833686974,
              53.580158878885335
            ],
            [
              -1.6944472046704475,
              53.578660201735275
            ],
            [
              -1.6952197558147901,
              53.57830819156791
            ],
            [
              -1.6968367233262052,
              53.57818552066939
            ],
            [
              -1.6972409652040592,
              53.578062849414906
            ],
            [
              -1.6983818256148908,
              53.577257477121925
            ],
            [
              -1.698516572907509,
              53.577006795197825
            ],
            [
              -1.6989477642438862,
              53.57669744098721
            ],
            [
              -1.6992981072046929,
              53.57612672986562
            ],
            [
              -1.7004479507683656,
              53.57585470596573
            ],
            [
              -1.7017864405417038,
              53.57534265622976
            ],
            [
              -1.702442210699111,
              53.57524131231771
            ],
            [
              -1.7040681613633675,
              53.57476659286411
            ],
            [
              -1.7093682215396726,
              53.57378513349761
            ],
            [
              -1.714488618659154,
              53.573438416862814
            ],
            [
              -1.715422866554638,
              53.57406783880331
            ],
            [
              -1.7167613563279762,
              53.574691917408735
            ],
            [
              -1.7181447618655203,
              53.575753363281045
            ],
            [
              -1.7221242985741698,
              53.577070799234654
            ],
            [
              -1.721998534434393,
              53.57749749033724
            ],
            [
              -1.7222231132554229,
              53.57795084491518
            ],
            [
              -1.7228519339543067,
              53.577364149830295
            ],
            [
              -1.7240017775179797,
              53.57667077241479
            ],
            [
              -1.723741266085585,
              53.57649475941496
            ],
            [
              -1.725591795570871,
              53.5749639487899
            ],
            [
              -1.7260768858242956,
              53.57438254625993
            ],
            [
              -1.7272716451521748,
              53.57518263941549
            ],
            [
              -1.728852680052225,
              53.57430253611167
            ],
            [
              -1.7295084502096323,
              53.57476125890738
            ],
            [
              -1.7306762600789878,
              53.575257314004176
            ],
            [
              -1.7306582937733053,
              53.575438666027615
            ],
            [
              -1.73152067644606,
              53.57599338503534
            ],
            [
              -1.7306762600789878,
              53.57679878140897
            ],
            [
              -1.7308649062886527,
              53.5772894789627
            ],
            [
              -1.7302091361312455,
              53.5786442013367
            ],
            [
              -1.7298677763232801,
              53.5797482146307
            ],
            [
              -1.7286460675368776,
              53.58079353397735
            ],
            [
              -1.729724045877821,
              53.58078820078097
            ],
            [
              -1.7303887991880693,
              53.58093219684677
            ],
            [
              -1.7313949123062833,
              53.580873531842144
            ],
            [
              -1.7323650928131322,
              53.58106552609994
            ],
            [
              -1.7324100085773384,
              53.581673502163376
            ],
            [
              -1.7328142504551922,
              53.58230813451549
            ],
            [
              -1.732670520009733,
              53.5836520303965
            ],
            [
              -1.7324369580358618,
              53.58418531057074
            ],
            [
              -1.7329220482892864,
              53.584499942717635
            ],
            [
              -1.733317307014299,
              53.585054542832914
            ],
            [
              -1.7337484983506763,
              53.58510786938357
            ],
            [
              -1.734089858158642,
              53.58478257637804
            ],
            [
              -1.7348174935387788,
              53.584766578296765
            ],
            [
              -1.7348534261501434,
              53.58455326996804
            ],
            [
              -1.7355002131547095,
              53.584334627813824
            ],
            [
              -1.7354103816262976,
              53.584217307167265
            ],
            [
              -1.7356978425172158,
              53.58414798117757
            ],
            [
              -1.7359583539496104,
              53.58429196579822
            ],
            [
              -1.7362008990763227,
              53.58420664163779
            ],
            [
              -1.736353612674623,
              53.58397733210314
            ],
            [
              -1.7367039556354298,
              53.58395066812304
            ],
            [
              -1.7369105681507773,
              53.584217307167265
            ],
            [
              -1.737548372002502,
              53.584478611798644
            ],
            [
              -1.7382580410769564,
              53.58446794633512
            ],
            [
              -1.7405307787457789,
              53.58515053057564
            ],
            [
              -1.7412404478202332,
              53.58519319172468
            ],
            [
              -1.741465026641263,
              53.585113202034954
            ],
            [
              -1.742560971287889,
              53.58509720407884
            ],
            [
              -1.74256995444073,
              53.58524651810038
            ],
            [
              -1.7443935344674928,
              53.58514519792901
            ],
            [
              -1.7491635886261674,
              53.58440395349737
            ],
            [
              -1.7505829267750763,
              53.58428130028757
            ],
            [
              -1.7507625898319001,
              53.58439862075653
            ],
            [
              -1.7513195453080543,
              53.584435949928356
            ],
            [
              -1.7513464947665778,
              53.58455326996804
            ],
            [
              -1.752226843745015,
              53.58485190132685
            ],
            [
              -1.7514992083648782,
              53.58585443402797
            ],
            [
              -1.7523436247319504,
              53.58609973096136
            ],
            [
              -1.7525682035529804,
              53.58673429685754
            ],
            [
              -1.7530712601120872,
              53.58692093207257
            ],
            [
              -1.7534036367672117,
              53.58646767369204
            ],
            [
              -1.75572129020024,
              53.587160890423704
            ],
            [
              -1.7566465549428831,
              53.58604640566216
            ],
            [
              -1.7580030110219036,
              53.58632369648325
            ],
            [
              -1.7596559111446834,
              53.58703824521445
            ],
            [
              -1.7614076259487166,
              53.5886752628073
            ],
            [
              -1.7605362601231205,
              53.58918715105937
            ],
            [
              -1.759503197546383,
              53.589549734819705
            ],
            [
              -1.7571765609605134,
              53.58968303689066
            ],
            [
              -1.7575089376156379,
              53.590365536905864
            ],
            [
              -1.7573652071701786,
              53.59063213548039
            ],
            [
              -1.7581467414673626,
              53.590973379201436
            ],
            [
              -1.7590091241401173,
              53.5911066767815
            ],
            [
              -1.7588025116247699,
              53.591367938818664
            ],
            [
              -1.7591887871969412,
              53.59213571994623
            ],
            [
              -1.757607752296891,
              53.59229567259187
            ],
            [
              -1.75775148274235,
              53.592482283246454
            ],
            [
              -1.7575718196855261,
              53.59281284866873
            ],
            [
              -1.756781302235501,
              53.59326070737347
            ],
            [
              -1.7568172348468658,
              53.59343665056582
            ],
            [
              -1.7565387571087887,
              53.59368723505983
            ],
            [
              -1.7550206042786267,
              53.59399646494005
            ],
            [
              -1.7550116211257853,
              53.59414574752048
            ],
            [
              -1.7544366993439489,
              53.59434834446457
            ],
            [
              -1.754849924374644,
              53.59584113410139
            ],
            [
              -1.7559099364099051,
              53.59723791092342
            ],
            [
              -1.7559099364099051,
              53.59734453321119
            ],
            [
              -1.7551823010297682,
              53.59744582413528
            ],
            [
              -1.7552451830996567,
              53.59953556163997
            ],
            [
              -1.7553709472394334,
              53.59966883220891
            ],
            [
              -1.7549038232916911,
              53.600052649098366
            ],
            [
              -1.7549128064445323,
              53.60031918655311
            ],
            [
              -1.7565746897201535,
              53.602344816248504
            ],
            [
              -1.7565118076502653,
              53.602488738872765
            ],
            [
              -1.7572663924889256,
              53.603240326832
            ],
            [
              -1.7583623371355512,
              53.60484473581226
            ],
            [
              -1.7591798040441,
              53.60450360412081
            ],
            [
              -1.7603476139134555,
              53.60486072629269
            ],
            [
              -1.7602218497736788,
              53.60538840875057
            ],
            [
              -1.7603476139134555,
              53.60669426123395
            ],
            [
              -1.7606260916515326,
              53.60668893130588
            ],
            [
              -1.7612998281146222,
              53.60693943719799
            ],
            [
              -1.761380676490193,
              53.6073551671014
            ],
            [
              -1.7616771205339523,
              53.60758967960045
            ],
            [
              -1.7631503575999083,
              53.60788814817033
            ],
            [
              -1.7636264647004918,
              53.60818128489099
            ],
            [
              -1.7637162962289037,
              53.60842112251259
            ],
            [
              -1.7640307065783456,
              53.608389144241755
            ],
            [
              -1.7643451169277873,
              53.60901804579015
            ],
            [
              -1.764327150622105,
              53.60988676726997
            ],
            [
              -1.7649200387096238,
              53.61012659520535
            ],
            [
              -1.7656027583255547,
              53.61089403544522
            ],
            [
              -1.7656386909369195,
              53.61122445680857
            ],
            [
              -1.7667436187363863,
              53.611597510078944
            ],
            [
              -1.7673365068239053,
              53.612343606731926
            ],
            [
              -1.7682438052608662,
              53.612391569637175
            ],
            [
              -1.7702470483444526,
              53.612173071516416
            ],
            [
              -1.7716933359518852,
              53.61211444987698
            ],
            [
              -1.7727174153757812,
              53.61213043760491
            ],
            [
              -1.7735528485900123,
              53.61241288646649
            ],
            [
              -1.7762747439008946,
              53.6139796439546
            ],
            [
              -1.777029328739555,
              53.61493352565156
            ],
            [
              -1.7771550928793318,
              53.615647590581894
            ],
            [
              -1.7767688173071603,
              53.61570087852525
            ],
            [
              -1.776481356416242,
              53.61595665971713
            ],
            [
              -1.7759064346344056,
              53.61614316585922
            ],
            [
              -1.7742894671229905,
              53.61639894437142
            ],
            [
              -1.7734630170616004,
              53.61709167005997
            ],
            [
              -1.7689085585711146,
              53.61761919969089
            ],
            [
              -1.768657030291561,
              53.617608542591874
            ],
            [
              -1.768558215610308,
              53.61742737149693
            ],
            [
              -1.7681180411210893,
              53.617384742891
            ],
            [
              -1.7678575296886947,
              53.61758189983256
            ],
            [
              -1.767049045932987,
              53.6176671566032
            ],
            [
              -1.7665459893738802,
              53.61794956842606
            ],
            [
              -1.7662854779414856,
              53.617992196461636
            ],
            [
              -1.7661507306488677,
              53.61786431222579
            ],
            [
              -1.7658273371465845,
              53.617874969260264
            ],
            [
              -1.7646774935829115,
              53.618125408795336
            ],
            [
              -1.764228335940852,
              53.61842913134436
            ],
            [
              -1.7619555982720294,
              53.619073868459715
            ],
            [
              -1.7616322047697464,
              53.61928700253048
            ],
            [
              -1.7597457426730954,
              53.61993172654327
            ],
            [
              -1.7594223491708123,
              53.61991041351015
            ],
            [
              -1.7588474273889758,
              53.620134199821216
            ],
            [
              -1.758712680096358,
              53.62004361979061
            ],
            [
              -1.7584252192054397,
              53.62015551274134
            ],
            [
              -1.7582275898429334,
              53.619963696072794
            ],
            [
              -1.7580658930917918,
              53.61996902432534
            ],
            [
              -1.7580389436332684,
              53.62010223042085
            ],
            [
              -1.7578233479650796,
              53.620171497424366
            ],
            [
              -1.7574819881571142,
              53.620160840969696
            ],
            [
              -1.7572124935718785,
              53.62001165032164
            ],
            [
              -1.756826217999707,
              53.620294046459875
            ],
            [
              -1.756502824497424,
              53.620224779657455
            ],
            [
              -1.75609858261957,
              53.62031003109046
            ],
            [
              -1.755631458671828,
              53.62072030120369
            ],
            [
              -1.754805008610438,
              53.6210240050826
            ],
            [
              -1.7546882276235025,
              53.621279754022616
            ],
            [
              -1.7542839857456487,
              53.62124778548983
            ],
            [
              -1.7540055080075716,
              53.621471564710674
            ],
            [
              -1.7536731313524474,
              53.621439596323206
            ],
            [
              -1.753475501989941,
              53.6217965752757
            ],
            [
              -1.7531521084876582,
              53.62170599881241
            ],
            [
              -1.7527748160683279,
              53.621935103608315
            ],
            [
              -1.752047180688191,
              53.6220629755118
            ],
            [
              -1.7516698882688608,
              53.62228142245075
            ],
            [
              -1.7515171746705605,
              53.62257978717486
            ],
            [
              -1.751068017028501,
              53.62273429664946
            ],
            [
              -1.7510590338756598,
              53.62283552668824
            ],
            [
              -1.750708690914853,
              53.62289413344179
            ],
            [
              -1.7505200447051878,
              53.62305929749131
            ],
            [
              -1.7502415669671108,
              53.6230486417657
            ],
            [
              -1.749873257700622,
              53.62324044441535
            ],
            [
              -1.7498642745477806,
              53.62332568975765
            ],
            [
              -1.7500978365216517,
              53.62338429583058
            ],
            [
              -1.7499900386875573,
              53.62351749114829
            ],
            [
              -1.748921043499455,
              53.62355478576192
            ],
            [
              -1.7490198581807084,
              53.623730602782274
            ],
            [
              -1.7489030771937726,
              53.62386379700706
            ],
            [
              -1.7475645874204346,
              53.62474819599786
            ],
            [
              -1.7472411939181516,
              53.624737540698646
            ],
            [
              -1.7472322107653104,
              53.62482278301715
            ],
            [
              -1.7474657727391816,
              53.624817455377276
            ],
            [
              -1.7474567895863402,
              53.62495597379516
            ],
            [
              -1.746980682485757,
              53.62501990521932
            ],
            [
              -1.7468639014988214,
              53.62512112977614
            ],
            [
              -1.7465854237607443,
              53.62501457760433
            ],
            [
              -1.7461182998130023,
              53.6252543196126
            ],
            [
              -1.7449235404851233,
              53.6255793010495
            ],
            [
              -1.7446720122055697,
              53.625430129553116
            ],
            [
              -1.7445013323015872,
              53.62568052426461
            ],
            [
              -1.7437736969214503,
              53.62569117932576
            ],
            [
              -1.7435581012532617,
              53.62580838482089
            ],
            [
              -1.7429921626242664,
              53.62567519673303
            ],
            [
              -1.7420668978816232,
              53.625957554980296
            ],
            [
              -1.7418423190605934,
              53.62649030124533
            ],
            [
              -1.7414829929469455,
              53.62652226580739
            ],
            [
              -1.7411775657503448,
              53.626405062294886
            ],
            [
              -1.7409260374707916,
              53.6265861948588
            ],
            [
              -1.740908071165109,
              53.6267353622689
            ],
            [
              -1.7405936608156671,
              53.626836582711185
            ],
            [
              -1.7406206102741908,
              53.62692182079006
            ],
            [
              -1.7399378906582599,
              53.627193516017456
            ],
            [
              -1.7393539857235822,
              53.62730006268798
            ],
            [
              -1.7394977161690415,
              53.62748651871407
            ],
            [
              -1.7391833058195996,
              53.627822137484955
            ],
            [
              -1.7385904177320806,
              53.628269625027364
            ],
            [
              -1.7373327763343132,
              53.62881832351341
            ],
            [
              -1.737224978500219,
              53.629042062595836
            ],
            [
              -1.736766837705318,
              53.62936168779858
            ],
            [
              -1.7364254778973527,
              53.6294629019414
            ],
            [
              -1.7359224213382456,
              53.62935636073171
            ],
            [
              -1.7351947859581087,
              53.62949486425185
            ],
            [
              -1.733919178254659,
              53.63011279749529
            ],
            [
              -1.7330028966648572,
              53.630176721107425
            ],
            [
              -1.733083745040428,
              53.63043241458762
            ],
            [
              -1.7328591662193982,
              53.63045372230769
            ],
            [
              -1.7328142504551922,
              53.63057091457576
            ],
            [
              -1.7319608509352786,
              53.63067745271886
            ],
            [
              -1.732068648769373,
              53.630437741518634
            ],
            [
              -1.7316015248216308,
              53.630389799115186
            ],
            [
              -1.7313679628477598,
              53.63062951058777
            ],
            [
              -1.7307211758431937,
              53.63082660566726
            ],
            [
              -1.7306493106204641,
              53.630933143164725
            ],
            [
              -1.7303618497295459,
              53.630890528198
            ],
            [
              -1.7302271024369278,
              53.63105033410127
            ],
            [
              -1.7299755741573746,
              53.63093847003254
            ],
            [
              -1.729957607851692,
              53.63110360260121
            ],
            [
              -1.7301732035198807,
              53.63117285155054
            ],
            [
              -1.7300564225329453,
              53.63130602228757
            ],
            [
              -1.7296431975022502,
              53.63126873452356
            ],
            [
              -1.7295264165153146,
              53.63110360260121
            ],
            [
              -1.729220989318714,
              53.63106098780664
            ],
            [
              -1.729086242026096,
              53.63138592452804
            ],
            [
              -1.7280801289078822,
              53.631732165821575
            ],
            [
              -1.728116061519247,
              53.63193990923387
            ],
            [
              -1.7278914826982172,
              53.63201448354265
            ],
            [
              -1.7278555500868524,
              53.63214765162333
            ],
            [
              -1.7275321565845694,
              53.63214765162333
            ],
            [
              -1.727478257667522,
              53.63241398652379
            ],
            [
              -1.727136897859557,
              53.63236604636578
            ],
            [
              -1.726867403274321,
              53.632541826678825
            ],
            [
              -1.7265799423834027,
              53.63252052001322
            ],
            [
              -1.7266338413004498,
              53.632712279616364
            ],
            [
              -1.7262924814924843,
              53.63269629968272
            ],
            [
              -1.7261218015885016,
              53.63289338510796
            ],
            [
              -1.7262565488811197,
              53.6329732843424
            ],
            [
              -1.7260589195186133,
              53.633053183425545
            ],
            [
              -1.7261667173527075,
              53.63325026718369
            ],
            [
              -1.7258882396146307,
              53.63323428745381
            ],
            [
              -1.725816374391901,
              53.63342604381291
            ],
            [
              -1.7252414526100646,
              53.63367639108116
            ],
            [
              -1.7253672167498413,
              53.63330353290624
            ],
            [
              -1.7250617895532407,
              53.632275492585364
            ],
            [
              -1.7252414526100646,
              53.63204111719242
            ],
            [
              -1.724900092802099,
              53.63189196853721
            ],
            [
              -1.7244599183128806,
              53.63207840427384
            ],
            [
              -1.724253305797533,
              53.63176945317601
            ],
            [
              -1.7239927943651385,
              53.6317055319768
            ],
            [
              -1.7238490639196793,
              53.63136461727871
            ],
            [
              -1.7243341541731037,
              53.630879874449604
            ],
            [
              -1.724019743823662,
              53.63080529813548
            ],
            [
              -1.723876013378203,
              53.63062951058777
            ],
            [
              -1.7232921084435253,
              53.630464376163694
            ],
            [
              -1.7230675296224953,
              53.63013943234543
            ],
            [
              -1.7227082035088475,
              53.629931680068296
            ],
            [
              -1.722914816024195,
              53.629723926768264
            ],
            [
              -1.723884996531044,
              53.62949486425185
            ],
            [
              -1.7239119459895678,
              53.629388323122875
            ],
            [
              -1.723606518792967,
              53.62926047341299
            ],
            [
              -1.7236334682514904,
              53.62887692195917
            ],
            [
              -1.7229507486355597,
              53.62793400981544
            ],
            [
              -1.7219266692116635,
              53.62715622461924
            ],
            [
              -1.7213876800411918,
              53.626298513364674
            ],
            [
              -1.7209295392462907,
              53.62623991133839
            ],
            [
              -1.7207678424951494,
              53.62600550241953
            ],
            [
              -1.7208666571764024,
              53.625755109636195
            ],
            [
              -1.7216481914735866,
              53.625280957529455
            ],
            [
              -1.7210642865389087,
              53.62465762586865
            ],
            [
              -1.7206061457440078,
              53.624646970546564
            ],
            [
              -1.720381566922978,
              53.62493466329892
            ],
            [
              -1.7200851228792184,
              53.62487073174568
            ],
            [
              -1.718683751035992,
              53.624199444589244
            ],
            [
              -1.7185040879791682,
              53.62421010002433
            ],
            [
              -1.718261542852456,
              53.62365068604562
            ],
            [
              -1.7175967895422075,
              53.623767897207586
            ],
            [
              -1.7176237390007312,
              53.623837158195734
            ],
            [
              -1.717264412887083,
              53.62397567983106
            ],
            [
              -1.7169140699262766,
              53.623996990811534
            ],
            [
              -1.7172374634285597,
              53.624423208161076
            ],
            [
              -1.7169050867734355,
              53.6244338635397
            ],
            [
              -1.716752373175135,
              53.62460967689804
            ],
            [
              -1.7165367775069464,
              53.624481812710044
            ],
            [
              -1.7161774513932986,
              53.62451377879337
            ],
            [
              -1.71611456932341,
              53.62436460353076
            ],
            [
              -1.7155306643887327,
              53.62416747826786
            ],
            [
              -1.7147940458557545,
              53.62430599881905
            ],
            [
              -1.714353871366536,
              53.62403428500146
            ],
            [
              -1.7139675957943645,
              53.624087562358454
            ],
            [
              -1.7138777642659526,
              53.62418878915148
            ],
            [
              -1.7140125115585705,
              53.62426870486924
            ],
            [
              -1.7138328485017467,
              53.624321981930315
            ],
            [
              -1.7136531854449228,
              53.624215427740864
            ],
            [
              -1.7133297919426396,
              53.62422075545674
            ],
            [
              -1.713159112038657,
              53.624087562358454
            ],
            [
              -1.7128986006062623,
              53.624178133711034
            ],
            [
              -1.7125302913397733,
              53.62402895726205
            ],
            [
              -1.7125841902568204,
              53.623842485959344
            ],
            [
              -1.7122158809903316,
              53.62385846924612
            ],
            [
              -1.7120002853221428,
              53.62369863610576
            ],
            [
              -1.7118924874880483,
              53.623821174900854
            ],
            [
              -1.7115780771386067,
              53.62381051936758
            ],
            [
              -1.7113445151647355,
              53.62408223462578
            ],
            [
              -1.7107246776186933,
              53.62379453606263
            ],
            [
              -1.7103743346578866,
              53.623954368839826
            ],
            [
              -1.710257553670951,
              53.623842485959344
            ],
            [
              -1.7100239916970799,
              53.6238265026665
            ],
            [
              -1.7097814465703676,
              53.62397567983106
            ],
            [
              -1.709251440552737,
              53.62393305783783
            ],
            [
              -1.7090897438015955,
              53.6238265026665
            ],
            [
              -1.7089010975919305,
              53.62408223462578
            ],
            [
              -1.708424990491347,
              53.62411420101172
            ],
            [
              -1.7080117654606521,
              53.623959696588656
            ],
            [
              -1.708424990491347,
              53.62374125833573
            ],
            [
              -1.7083531252686175,
              53.623640030469296
            ],
            [
              -1.70754464151291,
              53.62341626274516
            ],
            [
              -1.7072392143163093,
              53.62342159056192
            ],
            [
              -1.7070326018009618,
              53.623256427930116
            ],
            [
              -1.7062959832679838,
              53.623219133052864
            ],
            [
              -1.7061522528225248,
              53.62297405161099
            ],
            [
              -1.7056491962634177,
              53.62306995321424
            ],
            [
              -1.7054874995122764,
              53.622606426779804
            ],
            [
              -1.70528987014977,
              53.62258511509719
            ],
            [
              -1.7050742744815812,
              53.62224412671194
            ],
            [
              -1.7044274874770151,
              53.62205231953465
            ],
            [
              -1.7039783298349556,
              53.622563803403814
            ],
            [
              -1.704328672795762,
              53.62313921534777
            ],
            [
              -1.7047239315207747,
              53.623448229635535
            ],
            [
              -1.704652066298045,
              53.62409821782178
            ],
            [
              -1.7040142624463204,
              53.623996990811534
            ],
            [
              -1.7034393406644839,
              53.623522818952225
            ],
            [
              -1.7028105199656,
              53.623485524310354
            ],
            [
              -1.7027386547428707,
              53.62418346143159
            ],
            [
              -1.7022535644894459,
              53.62444984660252
            ],
            [
              -1.701705592166133,
              53.62516375056954
            ],
            [
              -1.7033674754417543,
              53.62585100492024
            ],
            [
              -1.7047688472849807,
              53.62687387439188
            ],
            [
              -1.7025410253803643,
              53.62822168016051
            ],
            [
              -1.6997203153882288,
              53.62885028631209
            ],
            [
              -1.7000167594319884,
              53.62957476992205
            ],
            [
              -1.6991364104535513,
              53.62992102607779
            ],
            [
              -1.6996394670126582,
              53.631183505224975
            ],
            [
              -1.6982650446279552,
              53.63138059771671
            ],
            [
              -1.6986513202001268,
              53.632243532381175
            ],
            [
              -1.6984357245319381,
              53.63217961190016
            ],
            [
              -1.6985525055188737,
              53.63229147267836
            ],
            [
              -1.6981752130995433,
              53.632419313204636
            ],
            [
              -1.6982201288637493,
              53.632829465611465
            ],
            [
              -1.69852555606035,
              53.63285609874678
            ],
            [
              -1.6994148881916282,
              53.63396402227892
            ],
            [
              -1.6993699724274223,
              53.634171754702216
            ],
            [
              -1.6989028484796802,
              53.63469374448236
            ],
            [
              -1.6996484501654994,
              53.635013326874535
            ],
            [
              -1.7004210013098422,
              53.6351731171628
            ],
            [
              -1.6997831974581175,
              53.63545541185963
            ],
            [
              -1.6997921806109586,
              53.635545958815115
            ],
            [
              -1.7005916812138249,
              53.636233044085856
            ],
            [
              -1.701651693249086,
              53.63661120252244
            ],
            [
              -1.6995765849427698,
              53.637298270443836
            ],
            [
              -1.6999269279035765,
              53.63763913719755
            ],
            [
              -1.6992172588291221,
              53.63787880748454
            ],
            [
              -1.7005647317553014,
              53.63899192496891
            ],
            [
              -1.7014360975808973,
              53.639455271435665
            ],
            [
              -1.7034303575116425,
              53.639790795010185
            ],
            [
              -1.7050383418702164,
              53.63976416625258
            ],
            [
              -1.7052449543855641,
              53.639833400987435
            ],
            [
              -1.70611632021116,
              53.64147902392461
            ],
            [
              -1.7076973551112102,
              53.64338552296787
            ],
            [
              -1.705235971232723,
              53.644935155622676
            ],
            [
              -1.7061792022810482,
              53.645574162816565
            ],
            [
              -1.7069248039668676,
              53.64567533806769
            ],
            [
              -1.7073380289975626,
              53.645590137872354
            ],
            [
              -1.7076614224998454,
              53.645632737991534
            ],
            [
              -1.7079848160021287,
              53.64579781304694
            ],
            [
              -1.707868035015193,
              53.64613328616863
            ],
            [
              -1.7082183779759996,
              53.646191860567
            ],
            [
              -1.7082453274345233,
              53.646032112016165
            ],
            [
              -1.7088471986748834,
              53.646197185508264
            ],
            [
              -1.7087034682294242,
              53.646468756621594
            ],
            [
              -1.7089370302032953,
              53.64675097572942
            ],
            [
              -1.709619749819226,
              53.64679357467597
            ],
            [
              -1.7094670362209259,
              53.64720891214972
            ],
            [
              -1.7102755199766333,
              53.647560348355434
            ],
            [
              -1.7100778906141272,
              53.64822061451836
            ],
            [
              -1.7090897438015955,
              53.650196026541636
            ],
            [
              -1.710347385199363,
              53.65074443988179
            ],
            [
              -1.711326548859053,
              53.651026630374396
            ],
            [
              -1.7101497558368566,
              53.65146322326418
            ],
            [
              -1.7098982275573031,
              53.651788002847304
            ],
            [
              -1.7094490699152434,
              53.65197967486998
            ],
            [
              -1.7093233057754667,
              53.652176670207524
            ],
            [
              -1.7085327883254413,
              53.65207551055455
            ],
            [
              -1.708101596989064,
              53.65290075326856
            ],
            [
              -1.7079488833907637,
              53.653630147896735
            ],
            [
              -1.7067361577572024,
              53.65520602313197
            ],
            [
              -1.7063588653378723,
              53.656190915240835
            ],
            [
              -1.7054605500537527,
              53.65658486564162
            ],
            [
              -1.7045622347696332,
              53.65574372383797
            ],
            [
              -1.7042478244201913,
              53.65559998273672
            ],
            [
              -1.703403408053119,
              53.65545091737331
            ],
            [
              -1.7006455801308722,
              53.655695810192
            ],
            [
              -1.698624370741603,
              53.65614300210315
            ],
            [
              -1.6968996053960936,
              53.65588214073148
            ],
            [
              -1.6956778966096913,
              53.655291203899026
            ],
            [
              -1.6933602431766628,
              53.65269311307425
            ],
            [
              -1.6928212540061909,
              53.652240560389586
            ],
            [
              -1.6920307365561658,
              53.65197435065889
            ],
            [
              -1.6909886908265872,
              53.651915784292584
            ],
            [
              -1.690746145699875,
              53.65184124516323
            ],
            [
              -1.6906922467828278,
              53.65168684226179
            ],
            [
              -1.6895154537606314,
              53.65120765724319
            ],
            [
              -1.6854910012877757,
              53.651521790259146
            ],
            [
              -1.682697240754164,
              53.65202226853446
            ],
            [
              -1.682275032570628,
              53.651931756946006
            ],
            [
              -1.681960622221186,
              53.65166554526551
            ],
            [
              -1.6813946835921907,
              53.65163892400501
            ],
            [
              -1.680909593338766,
              53.65119700862538
            ],
            [
              -1.6806221324478479,
              53.65111181958595
            ],
            [
              -1.680208907417153,
              53.65122895447076
            ],
            [
              -1.6779631192068543,
              53.65105325202149
            ],
            [
              -1.677549894176159,
              53.65162827549611
            ],
            [
              -1.6774241300363826,
              53.65285283639138
            ],
            [
              -1.6761305560272504,
              53.6538111635872
            ],
            [
              -1.6752771565073368,
              53.653949586826094
            ],
            [
              -1.6744237569874232,
              53.65434888208416
            ],
            [
              -1.6746034200442472,
              53.65441809287765
            ],
            [
              -1.6746034200442472,
              53.65483867910256
            ],
            [
              -1.674145279249346,
              53.655200699328326
            ],
            [
              -1.6745315548215176,
              53.655589335228235
            ],
            [
              -1.672887637851579,
              53.6561110599811
            ],
            [
              -1.673588323773192,
              53.65722369630368
            ],
            [
              -1.6728247557816904,
              53.65774540082949
            ],
            [
              -1.6723306823754247,
              53.65729822591696
            ],
            [
              -1.6704801528901385,
              53.658203217849234
            ],
            [
              -1.6704711697372974,
              53.65834162666703
            ],
            [
              -1.6691596294224829,
              53.65887928737827
            ],
            [
              -1.6690877641997532,
              53.659140130203134
            ],
            [
              -1.6670306221991196,
              53.65998120423637
            ],
            [
              -1.6663209531246652,
              53.660162192656784
            ],
            [
              -1.664659069849044,
              53.66110438452683
            ],
            [
              -1.6623953153330628,
              53.661961388218415
            ],
            [
              -1.6622515848876038,
              53.6622754411088
            ],
            [
              -1.6611017413239308,
              53.662935476844126
            ],
            [
              -1.6610119097955187,
              53.66323355411059
            ],
            [
              -1.6567089795845864,
              53.664361970379005
            ]
          ]
        ]
      }
    },
    {
      "type": "Feature",
      "properties": {
        "WardName": "Greenhead",
        "NoCllrs": 3,
        "Number": 15
      },
      "geometry": {
        "type": "Polygon",
        "coordinates": [
          [
            [
              -1.790414226472936,
              53.66745963707365
            ],
            [
              -1.7902525297217944,
              53.66747560383786
            ],
            [
              -1.7899560856780348,
              53.66715626740417
            ],
            [
              -1.789830321538258,
              53.66716691199094
            ],
            [
              -1.7896147258700694,
              53.66685821788266
            ],
            [
              -1.7897225237041638,
              53.666831606215716
            ],
            [
              -1.789830321538258,
              53.66571922350456
            ],
            [
              -1.790279479180318,
              53.66514439222298
            ],
            [
              -1.7902076139575884,
              53.66486761880938
            ],
            [
              -1.7900279509007646,
              53.66479842517195
            ],
            [
              -1.7895967595643871,
              53.664122450583875
            ],
            [
              -1.7894260796604045,
              53.66414906396168
            ],
            [
              -1.789363197590516,
              53.66402664228466
            ],
            [
              -1.7886984442802676,
              53.6637019569842
            ],
            [
              -1.7866862180438399,
              53.6642555173048
            ],
            [
              -1.7842158510125112,
              53.66467600538128
            ],
            [
              -1.7830839737545205,
              53.6630738701229
            ],
            [
              -1.78255396773689,
              53.66245109678972
            ],
            [
              -1.7820688774834654,
              53.662222211970054
            ],
            [
              -1.7817095513698176,
              53.66171120881753
            ],
            [
              -1.780478859430574,
              53.662168982764065
            ],
            [
              -1.7809639496839984,
              53.66014089994178
            ],
            [
              -1.7765891542503365,
              53.65979489181534
            ],
            [
              -1.776472373263401,
              53.65976827568798
            ],
            [
              -1.7765352553332894,
              53.65956066931762
            ],
            [
              -1.7755560916735988,
              53.65937967831431
            ],
            [
              -1.7773347559361556,
              53.65793704576841
            ],
            [
              -1.778691212015176,
              53.656579542012096
            ],
            [
              -1.7827605802522375,
              53.65121830585832
            ],
            [
              -1.7841080531784168,
              53.6514525747109
            ],
            [
              -1.785132132602313,
              53.651303494682594
            ],
            [
              -1.7861651951790505,
              53.650946765332264
            ],
            [
              -1.7867760495722518,
              53.65048354510463
            ],
            [
              -1.7870994430745348,
              53.64990850601804
            ],
            [
              -1.7876024996336417,
              53.6466072039671
            ],
            [
              -1.7878630110660363,
              53.64661785374408
            ],
            [
              -1.7880516572757015,
              53.64685747301513
            ],
            [
              -1.7884109833893493,
              53.647043842617926
            ],
            [
              -1.7888421747257268,
              53.64709709092457
            ],
            [
              -1.7896506584814342,
              53.646873447584774
            ],
            [
              -1.7915281374252439,
              53.64689474700157
            ],
            [
              -1.7928396777400584,
              53.64648473133851
            ],
            [
              -1.7952202132429755,
              53.646202510448866
            ],
            [
              -1.795202246937293,
              53.64475410182408
            ],
            [
              -1.7948249545179626,
              53.64396065101019
            ],
            [
              -1.7951663143259282,
              53.643742316288055
            ],
            [
              -1.7951842806316107,
              53.643481378186245
            ],
            [
              -1.7974390519947507,
              53.64344410118276
            ],
            [
              -1.8023797860574078,
              53.6439659762332
            ],
            [
              -1.8041225177086,
              53.64391804920195
            ],
            [
              -1.8056137210802383,
              53.6437369910368
            ],
            [
              -1.8057125357614912,
              53.64433874017263
            ],
            [
              -1.8064761037529928,
              53.644514470601344
            ],
            [
              -1.8076888293865543,
              53.645073608003
            ],
            [
              -1.8081918859456612,
              53.64516945938467
            ],
            [
              -1.8077786609149662,
              53.64544103711629
            ],
            [
              -1.8081020544172492,
              53.64560611292208
            ],
            [
              -1.8100873311951533,
              53.645574162816565
            ],
            [
              -1.8101502132650416,
              53.64541973696526
            ],
            [
              -1.810904798103702,
              53.64555286273275
            ],
            [
              -1.8109676801735906,
              53.64539311176133
            ],
            [
              -1.8125217656151171,
              53.64557948783584
            ],
            [
              -1.8126565129077352,
              53.64527596066434
            ],
            [
              -1.8154233239828235,
              53.645457012222515
            ],
            [
              -1.816007228917501,
              53.64567533806769
            ],
            [
              -1.817336735537998,
              53.64576586308666
            ],
            [
              -1.8174624996777746,
              53.64551026253289
            ],
            [
              -1.818217084516435,
              53.645717938100816
            ],
            [
              -1.8185404780187182,
              53.645414411925806
            ],
            [
              -1.8203640580454805,
              53.64585638791129
            ],
            [
              -1.8212983059409649,
              53.644589022683235
            ],
            [
              -1.822448149504638,
              53.64482865348234
            ],
            [
              -1.8227266272427152,
              53.64497775640349
            ],
            [
              -1.8232386669546634,
              53.64537713663089
            ],
            [
              -1.8240471507103706,
              53.64650603095163
            ],
            [
              -1.8244064768240185,
              53.64662317863156
            ],
            [
              -1.8245591904223188,
              53.64652733055401
            ],
            [
              -1.8246849545620956,
              53.64656992972648
            ],
            [
              -1.824846651313237,
              53.64676695033942
            ],
            [
              -1.8261132758638459,
              53.646431482258606
            ],
            [
              -1.8257000508331505,
              53.64556883779663
            ],
            [
              -1.8258347981257685,
              53.64546766228997
            ],
            [
              -1.8272002373576304,
              53.64598418733291
            ],
            [
              -1.8279458390434495,
              53.64640485769344
            ],
            [
              -1.828242283087209,
              53.64640485769344
            ],
            [
              -1.8286105923536977,
              53.64620783538881
            ],
            [
              -1.8283141483099385,
              53.64755502358628
            ],
            [
              -1.8288890700917748,
              53.64717163844094
            ],
            [
              -1.8322847018657469,
              53.64795970412495
            ],
            [
              -1.831889443140734,
              53.6483856794437
            ],
            [
              -1.8312696055946915,
              53.6499351283711
            ],
            [
              -1.8307395995770614,
              53.6500788887872
            ],
            [
              -1.8302095935594307,
              53.65072846677856
            ],
            [
              -1.830173660948066,
              53.65156438438621
            ],
            [
              -1.8277122770695784,
              53.65088287318963
            ],
            [
              -1.8248825839246017,
              53.65266116833819
            ],
            [
              -1.824298678989924,
              53.65330538250395
            ],
            [
              -1.8241100327802593,
              53.65394426286378
            ],
            [
              -1.8197262541937556,
              53.653347974829146
            ],
            [
              -1.8142465309606266,
              53.65218199439306
            ],
            [
              -1.810931747562226,
              53.65161230272772
            ],
            [
              -1.8106353035184664,
              53.65270376131421
            ],
            [
              -1.811048528549161,
              53.6543861494486
            ],
            [
              -1.811048528549161,
              53.6555360976455
            ],
            [
              -1.8106353035184664,
              53.656595512898654
            ],
            [
              -1.8103298763218658,
              53.6570054302496
            ],
            [
              -1.809754954540029,
              53.65745793178743
            ],
            [
              -1.809144100146828,
              53.657750724311796
            ],
            [
              -1.8097729208457114,
              53.65826709889855
            ],
            [
              -1.808425447919532,
              53.658826053950385
            ],
            [
              -1.8089644370900042,
              53.660077021732214
            ],
            [
              -1.8082996837797554,
              53.66023139390627
            ],
            [
              -1.805973047193886,
              53.66043899697301
            ],
            [
              -1.8063323733075336,
              53.66137053660717
            ],
            [
              -1.8057574515256973,
              53.66143441285637
            ],
            [
              -1.8053172770364787,
              53.66129069115955
            ],
            [
              -1.8050926982154487,
              53.66147167395703
            ],
            [
              -1.8041494671671232,
              53.66135456752976
            ],
            [
              -1.8033320002585747,
              53.66139715172276
            ],
            [
              -1.803574545385287,
              53.66245641967772
            ],
            [
              -1.8038530231233638,
              53.66246706545167
            ],
            [
              -1.803906922040411,
              53.66314838939246
            ],
            [
              -1.8043021807654238,
              53.663430496862176
            ],
            [
              -1.8044369280580415,
              53.66392551106585
            ],
            [
              -1.8044279449052005,
              53.66410648254915
            ],
            [
              -1.8039967535688228,
              53.66434067978568
            ],
            [
              -1.8040686187915527,
              53.66464406972523
            ],
            [
              -1.8025145333500259,
              53.66469197320021
            ],
            [
              -1.8015982517602238,
              53.66488890913648
            ],
            [
              -1.8011580772710052,
              53.665660676232676
            ],
            [
              -1.8005921386420098,
              53.66540519627615
            ],
            [
              -1.798552962947059,
              53.66487294139215
            ],
            [
              -1.798328384126029,
              53.665266810653016
            ],
            [
              -1.79690904597712,
              53.665006005743386
            ],
            [
              -1.795624455120829,
              53.666544199141924
            ],
            [
              -1.794986651269104,
              53.66667193586118
            ],
            [
              -1.792677980988917,
              53.666022603519735
            ],
            [
              -1.792498317932093,
              53.66615566424086
            ],
            [
              -1.7920850929013983,
              53.66620356599761
            ],
            [
              -1.7922288233468573,
              53.66635791573229
            ],
            [
              -1.7913574575212614,
              53.66664000171767
            ],
            [
              -1.791429322743991,
              53.66671451468154
            ],
            [
              -1.7911598281587553,
              53.66681563920749
            ],
            [
              -1.7912316933814847,
              53.667076432917625
            ],
            [
              -1.7907016873638542,
              53.667177556575034
            ],
            [
              -1.7907466031280599,
              53.66747028158378
            ],
            [
              -1.790414226472936,
              53.66745963707365
            ]
          ]
        ]
      }
    },
    {
      "type": "Feature",
      "properties": {
        "WardName": "Lindley",
        "NoCllrs": 3,
        "Number": 20
      },
      "geometry": {
        "type": "Polygon",
        "coordinates": [
          [
            [
              -1.8174445333720923,
              53.6733828913584
            ],
            [
              -1.8162138414328484,
              53.67288266667629
            ],
            [
              -1.815818582707836,
              53.67253144154186
            ],
            [
              -1.8155490881226002,
              53.67207378015505
            ],
            [
              -1.8150819641748581,
              53.67174915685528
            ],
            [
              -1.813105670549795,
              53.67106797196417
            ],
            [
              -1.8117312481650922,
              53.671137155307136
            ],
            [
              -1.8104736067673248,
              53.670977501267316
            ],
            [
              -1.8102310616406125,
              53.67102007573708
            ],
            [
              -1.809934617596853,
              53.67135002641913
            ],
            [
              -1.8104286910031187,
              53.67200459835005
            ],
            [
              -1.8103298763218658,
              53.672153605173484
            ],
            [
              -1.8089015550201155,
              53.67222278673376
            ],
            [
              -1.8073834021899535,
              53.67274430560925
            ],
            [
              -1.8057305020671737,
              53.67280816461974
            ],
            [
              -1.8045626921978182,
              53.67256869283129
            ],
            [
              -1.8045626921978182,
              53.672233430040684
            ],
            [
              -1.8041674334728057,
              53.67185559099963
            ],
            [
              -1.803987770415982,
              53.671850269298794
            ],
            [
              -1.8038889557347284,
              53.67170126140257
            ],
            [
              -1.8039967535688228,
              53.671658687621125
            ],
            [
              -1.8037003095250637,
              53.67146710507229
            ],
            [
              -1.8037003095250637,
              53.67123294744063
            ],
            [
              -1.8040596356387113,
              53.671004110315955
            ],
            [
              -1.8037542084421108,
              53.670679478774346
            ],
            [
              -1.8039787872631405,
              53.67034952284106
            ],
            [
              -1.8043740459881532,
              53.67044531676531
            ],
            [
              -1.8044009954466766,
              53.67028566010387
            ],
            [
              -1.8050298161455605,
              53.67054111047175
            ],
            [
              -1.8060179629580917,
              53.67029630390014
            ],
            [
              -1.8062335586262808,
              53.670152612423905
            ],
            [
              -1.806341356460375,
              53.66998763271725
            ],
            [
              -1.806197626014916,
              53.669886515803555
            ],
            [
              -1.8063503396132161,
              53.668178135473504
            ],
            [
              -1.806026946110933,
              53.66792267077938
            ],
            [
              -1.805047782451243,
              53.66758204877798
            ],
            [
              -1.8036823432193814,
              53.66641113964765
            ],
            [
              -1.8016701169829534,
              53.66572986845435
            ],
            [
              -1.8011580772710052,
              53.665660676232676
            ],
            [
              -1.8015982517602238,
              53.66488890913648
            ],
            [
              -1.8025145333500259,
              53.66469197320021
            ],
            [
              -1.8040686187915527,
              53.66464406972523
            ],
            [
              -1.8040057367216642,
              53.66431406652889
            ],
            [
              -1.8044548943637237,
              53.66406390109356
            ],
            [
              -1.8043021807654238,
              53.663430496862176
            ],
            [
              -1.803906922040411,
              53.66314838939246
            ],
            [
              -1.8038530231233638,
              53.66246706545167
            ],
            [
              -1.803574545385287,
              53.66245641967772
            ],
            [
              -1.8033320002585747,
              53.66139715172276
            ],
            [
              -1.8041494671671232,
              53.66135456752976
            ],
            [
              -1.8050926982154487,
              53.66147167395703
            ],
            [
              -1.8053172770364787,
              53.66129069115955
            ],
            [
              -1.8057574515256973,
              53.66143441285637
            ],
            [
              -1.8063323733075336,
              53.66137053660717
            ],
            [
              -1.805973047193886,
              53.66043899697301
            ],
            [
              -1.8082996837797554,
              53.66023139390627
            ],
            [
              -1.8089644370900042,
              53.660077021732214
            ],
            [
              -1.808425447919532,
              53.658826053950385
            ],
            [
              -1.8097729208457114,
              53.65826709889855
            ],
            [
              -1.809144100146828,
              53.657750724311796
            ],
            [
              -1.809754954540029,
              53.65745793178743
            ],
            [
              -1.8103298763218658,
              53.6570054302496
            ],
            [
              -1.8106353035184664,
              53.656595512898654
            ],
            [
              -1.811048528549161,
              53.6555360976455
            ],
            [
              -1.811048528549161,
              53.6543861494486
            ],
            [
              -1.8106353035184664,
              53.65270376131421
            ],
            [
              -1.810931747562226,
              53.65161230272772
            ],
            [
              -1.8142465309606266,
              53.65218199439306
            ],
            [
              -1.8197262541937556,
              53.653347974829146
            ],
            [
              -1.8241100327802593,
              53.65394426286378
            ],
            [
              -1.824298678989924,
              53.65330538250395
            ],
            [
              -1.8248825839246017,
              53.65266116833819
            ],
            [
              -1.8277122770695784,
              53.65088287318963
            ],
            [
              -1.830173660948066,
              53.65156438438621
            ],
            [
              -1.830173660948066,
              53.65078703479415
            ],
            [
              -1.8304611218389841,
              53.65035043490254
            ],
            [
              -1.8309012963282028,
              53.64999902194989
            ],
            [
              -1.8316918137782277,
              53.64991383049001
            ],
            [
              -1.8330842024686131,
              53.65014810659051
            ],
            [
              -1.8357162662510833,
              53.650366408148976
            ],
            [
              -1.8370188234130567,
              53.6503078395491
            ],
            [
              -1.8378901892386525,
              53.64971150008294
            ],
            [
              -1.8419326080171905,
              53.65144725043326
            ],
            [
              -1.8435855081399704,
              53.65244820281271
            ],
            [
              -1.8473224997219078,
              53.65443406458307
            ],
            [
              -1.8472147018878133,
              53.65404009408271
            ],
            [
              -1.8461367235468698,
              53.65335862290371
            ],
            [
              -1.8474572470145254,
              53.65332667867194
            ],
            [
              -1.8484004780628507,
              53.65311904057532
            ],
            [
              -1.8496311700020946,
              53.65317760527021
            ],
            [
              -1.850062361338472,
              53.65307644801883
            ],
            [
              -1.8503677885350724,
              53.65310839244024
            ],
            [
              -1.8509606766225917,
              53.653422511294686
            ],
            [
              -1.852083570727741,
              53.65377921969829
            ],
            [
              -1.852595610439689,
              53.65383245949968
            ],
            [
              -1.8528201892607192,
              53.654002826412345
            ],
            [
              -1.8542844431738337,
              53.6541146293246
            ],
            [
              -1.854571904064752,
              53.65437017772502
            ],
            [
              -1.8552276742221592,
              53.65446600797581
            ],
            [
              -1.8558205623096782,
              53.654694934915405
            ],
            [
              -1.8563775177858322,
              53.6550463087299
            ],
            [
              -1.856323618868785,
              53.65513148981965
            ],
            [
              -1.8566020966068622,
              53.65505695637553
            ],
            [
              -1.8574015972097286,
              53.655339118004825
            ],
            [
              -1.8590724636381908,
              53.65541365095008
            ],
            [
              -1.8602223072018638,
              53.6553018514828
            ],
            [
              -1.8607612963723357,
              53.65509954693114
            ],
            [
              -1.8609319762763181,
              53.65521667073726
            ],
            [
              -1.861506898058155,
              53.65530717527366
            ],
            [
              -1.8615518138223608,
              53.655365736928985
            ],
            [
              -1.8603301050359582,
              53.65538170827541
            ],
            [
              -1.8602043408961815,
              53.65659018927045
            ],
            [
              -1.8619919883115794,
              53.65683507547092
            ],
            [
              -1.8617314768791846,
              53.657239666946204
            ],
            [
              -1.8634652253775352,
              53.657660225021424
            ],
            [
              -1.862575893246257,
              53.65898575403237
            ],
            [
              -1.8630160677354757,
              53.65942226450266
            ],
            [
              -1.8693402073356769,
              53.657010753825354
            ],
            [
              -1.8807218619854713,
              53.65245885111452
            ],
            [
              -1.8844049546503614,
              53.65055808663428
            ],
            [
              -1.8907650268619274,
              53.646436807169614
            ],
            [
              -1.8928850509324497,
              53.64546766228997
            ],
            [
              -1.8945828668194356,
              53.644913855216124
            ],
            [
              -1.894457102679659,
              53.64544103711629
            ],
            [
              -1.894600833125118,
              53.64541973696526
            ],
            [
              -1.8942684564699936,
              53.646628503518365
            ],
            [
              -1.8935228547841745,
              53.64730475867811
            ],
            [
              -1.8923819943733429,
              53.64778931279255
            ],
            [
              -1.8922472470807248,
              53.64793840524604
            ],
            [
              -1.8927323373341491,
              53.64851347120021
            ],
            [
              -1.891061470905687,
              53.649328134543836
            ],
            [
              -1.8905404480408978,
              53.64945592344416
            ],
            [
              -1.8891660256561946,
              53.65029719070402
            ],
            [
              -1.8885012723459464,
              53.650829629663484
            ],
            [
              -1.8858332759521113,
              53.652043565350574
            ],
            [
              -1.882311880038363,
              53.65385375540142
            ],
            [
              -1.8782155623427779,
              53.65555739268668
            ],
            [
              -1.876517746455792,
              53.65645709834744
            ],
            [
              -1.875269088210866,
              53.6569042821828
            ],
            [
              -1.8747300990403941,
              53.65726628467028
            ],
            [
              -1.8752331555995012,
              53.65782525299328
            ],
            [
              -1.8750265430841535,
              53.65807013201892
            ],
            [
              -1.8742539919398107,
              53.65836292029098
            ],
            [
              -1.873337710350009,
              53.65788913461537
            ],
            [
              -1.8728346537909017,
              53.658016897569134
            ],
            [
              -1.870624798191968,
              53.6588313772962
            ],
            [
              -1.869942078576037,
              53.659432911043034
            ],
            [
              -1.8689629149163467,
              53.65918271663352
            ],
            [
              -1.8679837512566566,
              53.660167515833855
            ],
            [
              -1.8670045875969665,
              53.65950743675026
            ],
            [
              -1.8655582999895337,
              53.6606998301459
            ],
            [
              -1.864597102635526,
              53.6610990614681
            ],
            [
              -1.863447259071853,
              53.661067123101475
            ],
            [
              -1.8630879329582053,
              53.661338598446264
            ],
            [
              -1.8627465731502395,
              53.6618549290804
            ],
            [
              -1.8621806345212446,
              53.66214769106287
            ],
            [
              -1.861201470861554,
              53.66224350363362
            ],
            [
              -1.8602223072018638,
              53.66199332590738
            ],
            [
              -1.8600156946865163,
              53.66205187827428
            ],
            [
              -1.8604019702586876,
              53.66268530322544
            ],
            [
              -1.858308895646689,
              53.66289821703759
            ],
            [
              -1.8556498824056953,
              53.663457110676944
            ],
            [
              -1.8554702193488715,
              53.66324419968827
            ],
            [
              -1.8552456405278415,
              53.66327081362067
            ],
            [
              -1.853233414291414,
              53.66375518425404
            ],
            [
              -1.8533052795141436,
              53.66381905688917
            ],
            [
              -1.8522452674788823,
              53.66420761333367
            ],
            [
              -1.8529279870948134,
              53.66480907035433
            ],
            [
              -1.8519039076709172,
              53.66518165004367
            ],
            [
              -1.8510594913038445,
              53.66568728863907
            ],
            [
              -1.8496671026134595,
              53.665948089332396
            ],
            [
              -1.8477896236696496,
              53.6645376173636
            ],
            [
              -1.843567541834288,
              53.666123729706094
            ],
            [
              -1.8443580592843134,
              53.66648565301621
            ],
            [
              -1.8452024756513854,
              53.66671983703105
            ],
            [
              -1.845651633293445,
              53.66706046600215
            ],
            [
              -1.8459390941843636,
              53.66708175522142
            ],
            [
              -1.846280453992329,
              53.667252068588375
            ],
            [
              -1.8462445213809642,
              53.667385125427344
            ],
            [
              -1.8475201290844139,
              53.66775236012285
            ],
            [
              -1.8478884383509029,
              53.668215390612
            ],
            [
              -1.8483465791458036,
              53.668220712771955
            ],
            [
              -1.8485531916611513,
              53.66847085353144
            ],
            [
              -1.848912517774799,
              53.668625194961415
            ],
            [
              -1.8493796417225414,
              53.66917336857396
            ],
            [
              -1.8503677885350724,
              53.669253199087656
            ],
            [
              -1.8511852554436217,
              53.66967363729728
            ],
            [
              -1.8512301712078274,
              53.67014729050796
            ],
            [
              -1.8514547500288574,
              53.670253728698995
            ],
            [
              -1.8512930532777159,
              53.67041870736375
            ],
            [
              -1.8516793288498872,
              53.67043999488634
            ],
            [
              -1.8523261158544533,
              53.67121698210017
            ],
            [
              -1.8531256164573198,
              53.671573539929184
            ],
            [
              -1.8535298583351736,
              53.67188752119053
            ],
            [
              -1.8537544371562031,
              53.672164248497836
            ],
            [
              -1.8536825719334735,
              53.672536763156636
            ],
            [
              -1.8534400268067617,
              53.67251015507598
            ],
            [
              -1.8527123914266248,
              53.6721269968508
            ],
            [
              -1.8522273011732,
              53.672158926836005
            ],
            [
              -1.8516433962385224,
              53.67229196818048
            ],
            [
              -1.8512571206663513,
              53.672776235126584
            ],
            [
              -1.8511044070680507,
              53.67281348619956
            ],
            [
              -1.8509427103169094,
              53.672675124905304
            ],
            [
              -1.84997252981006,
              53.672653838512026
            ],
            [
              -1.8495862542378887,
              53.672499511838986
            ],
            [
              -1.8488945514691166,
              53.672621908901895
            ],
            [
              -1.8482477644645507,
              53.67239840095358
            ],
            [
              -1.8464691002019942,
              53.67238243605476
            ],
            [
              -1.8461816393110757,
              53.672478225356954
            ],
            [
              -1.845786380586063,
              53.67231857639897
            ],
            [
              -1.8447084022451197,
              53.672212143424204
            ],
            [
              -1.8443221266729481,
              53.672031206750034
            ],
            [
              -1.842929737982563,
              53.67200459835005
            ],
            [
              -1.8423458330478855,
              53.671898164582096
            ],
            [
              -1.84140260199956,
              53.67156821819273
            ],
            [
              -1.8411870063313713,
              53.671376635232505
            ],
            [
              -1.8401449606017926,
              53.671318095820894
            ],
            [
              -1.8384022289506008,
              53.67088703037622
            ],
            [
              -1.8365337331596319,
              53.66981200844869
            ],
            [
              -1.8355366031942595,
              53.66897645266012
            ],
            [
              -1.8332548823725956,
              53.669843940188336
            ],
            [
              -1.8315121507214038,
              53.6701260028375
            ],
            [
              -1.8315660496384512,
              53.67018986581663
            ],
            [
              -1.8300119641969246,
              53.670237762987504
            ],
            [
              -1.8279907548076557,
              53.66985458409617
            ],
            [
              -1.8276134623883251,
              53.66992376943156
            ],
            [
              -1.8273888835672956,
              53.67011003707758
            ],
            [
              -1.826867860702506,
              53.67025905060151
            ],
            [
              -1.8257270002916743,
              53.670253728698995
            ],
            [
              -1.824244780072877,
              53.67099878850757
            ],
            [
              -1.8203101591284334,
              53.67214296184642
            ],
            [
              -1.8187740399925891,
              53.672909274521714
            ],
            [
              -1.8183697981147353,
              53.67270173288179
            ],
            [
              -1.8177589437215342,
              53.67330306866909
            ],
            [
              -1.8174445333720923,
              53.6733828913584
            ]
          ]
        ]
      }
    },
    {
      "type": "Feature",
      "properties": {
        "WardName": "Dalton",
        "NoCllrs": 3,
        "Number": 10
      },
      "geometry": {
        "type": "Polygon",
        "coordinates": [
          [
            [
              -1.7236963503213791,
              53.68451933447565
            ],
            [
              -1.721396663194033,
              53.68382771569494
            ],
            [
              -1.7203186848530896,
              53.682380599654316
            ],
            [
              -1.7194832516388583,
              53.68172618894088
            ],
            [
              -1.7185220542848505,
              53.68120478125664
            ],
            [
              -1.7172733960399245,
              53.68086958719377
            ],
            [
              -1.7161415187819338,
              53.68084298437612
            ],
            [
              -1.715225237192132,
              53.680683367117275
            ],
            [
              -1.7136442022920815,
              53.67993315789778
            ],
            [
              -1.7111468858022292,
              53.67837949063989
            ],
            [
              -1.7093861878453551,
              53.67751217885529
            ],
            [
              -1.7082632937402056,
              53.677139708190296
            ],
            [
              -1.7056222468048943,
              53.67674062882297
            ],
            [
              -1.706062421294113,
              53.67570832598739
            ],
            [
              -1.705972589765701,
              53.67479306726465
            ],
            [
              -1.7069876860367559,
              53.67402678885464
            ],
            [
              -1.708092613836223,
              53.673499964362435
            ],
            [
              -1.709017878578866,
              53.67284009408867
            ],
            [
              -1.7088022829106775,
              53.672504833457815
            ],
            [
              -1.7088921144390894,
              53.6722653599452
            ],
            [
              -1.7095568677493378,
              53.67213764018189
            ],
            [
              -1.7105539977147104,
              53.671658687621125
            ],
            [
              -1.7112546836363236,
              53.670482569899235
            ],
            [
              -1.7121619820732843,
              53.66975346686318
            ],
            [
              -1.7119823190164603,
              53.66883275668277
            ],
            [
              -1.7123146956715847,
              53.66813555813203
            ],
            [
              -1.7127189375494383,
              53.66770446012667
            ],
            [
              -1.7139855621000468,
              53.666980631334084
            ],
            [
              -1.7143179387551712,
              53.66660806754996
            ],
            [
              -1.7143179387551712,
              53.66605986056401
            ],
            [
              -1.7144077702835832,
              53.665900187285224
            ],
            [
              -1.7146682817159777,
              53.665857607642046
            ],
            [
              -1.714632349104613,
              53.66566599871529
            ],
            [
              -1.7150455741353081,
              53.66479842517195
            ],
            [
              -1.7149287931483725,
              53.66372857062752
            ],
            [
              -1.7145694670347247,
              53.663387914723614
            ],
            [
              -1.71491082684269,
              53.6631856489778
            ],
            [
              -1.716473895437058,
              53.6637179251722
            ],
            [
              -1.7173542444154952,
              53.66331871865667
            ],
            [
              -1.7126380891738675,
              53.66132795238725
            ],
            [
              -1.7116499423613363,
              53.660476258953686
            ],
            [
              -1.712512325034091,
              53.659853447236415
            ],
            [
              -1.7124224935056789,
              53.65929982909518
            ],
            [
              -1.7121619820732843,
              53.658996400682994
            ],
            [
              -1.7110121385096113,
              53.65870361681108
            ],
            [
              -1.7104641661862985,
              53.65866635326333
            ],
            [
              -1.7080836306833818,
              53.65793704576841
            ],
            [
              -1.70611632021116,
              53.656771192251426
            ],
            [
              -1.7054874995122764,
              53.656595512898654
            ],
            [
              -1.7064127642549194,
              53.65613235473181
            ],
            [
              -1.7067361577572024,
              53.65520602313197
            ],
            [
              -1.7079488833907637,
              53.653630147896735
            ],
            [
              -1.708101596989064,
              53.65290075326856
            ],
            [
              -1.7085327883254413,
              53.65207551055455
            ],
            [
              -1.7093233057754667,
              53.652176670207524
            ],
            [
              -1.7094490699152434,
              53.65197967486998
            ],
            [
              -1.7098982275573031,
              53.651788002847304
            ],
            [
              -1.7101497558368566,
              53.65146322326418
            ],
            [
              -1.711326548859053,
              53.651026630374396
            ],
            [
              -1.710347385199363,
              53.65074443988179
            ],
            [
              -1.7090897438015955,
              53.650196026541636
            ],
            [
              -1.710212637906745,
              53.64772541586537
            ],
            [
              -1.7112187510249588,
              53.64820996514612
            ],
            [
              -1.711182818413594,
              53.647624245532704
            ],
            [
              -1.7114702793045125,
              53.647192937707125
            ],
            [
              -1.7116229929028126,
              53.647160988803826
            ],
            [
              -1.7118116391124778,
              53.64742190413918
            ],
            [
              -1.7116499423613363,
              53.647634895052846
            ],
            [
              -1.7125841902568204,
              53.64753904927482
            ],
            [
              -1.7126830049380737,
              53.64774671485187
            ],
            [
              -1.712512325034091,
              53.64783191069018
            ],
            [
              -1.7129435163704683,
              53.64830580939922
            ],
            [
              -1.7131860614971806,
              53.64822593920345
            ],
            [
              -1.7134645392352577,
              53.648337757435165
            ],
            [
              -1.7139496294886822,
              53.648050224240244
            ],
            [
              -1.714452686047789,
              53.64823126388787
            ],
            [
              -1.7147221806330248,
              53.64820996514612
            ],
            [
              -1.715279136109179,
              53.64844957537038
            ],
            [
              -1.7153510013319087,
              53.64858801621267
            ],
            [
              -1.7158540578910155,
              53.64874243046211
            ],
            [
              -1.71611456932341,
              53.6490672310032
            ],
            [
              -1.7158630410438567,
              53.64915242417356
            ],
            [
              -1.7158989736552215,
              53.649253590839805
            ],
            [
              -1.7174261096382246,
              53.64987123469552
            ],
            [
              -1.7176057726950487,
              53.649839287821415
            ],
            [
              -1.717848317821761,
              53.64998304856427
            ],
            [
              -1.7184322227564386,
              53.649668904084045
            ],
            [
              -1.7188364646342924,
              53.649674228586264
            ],
            [
              -1.7203636006172955,
              53.6499244794319
            ],
            [
              -1.7207229267309434,
              53.65022264871317
            ],
            [
              -1.7209475055519732,
              53.650233297577074
            ],
            [
              -1.7209025897877672,
              53.650377056976566
            ],
            [
              -1.7212798822070974,
              53.65041965226006
            ],
            [
              -1.721495477875286,
              53.650717818039716
            ],
            [
              -1.7218368376832516,
              53.65070716929817
            ],
            [
              -1.722546506757706,
              53.650866900138844
            ],
            [
              -1.7230405801639719,
              53.651079873651796
            ],
            [
              -1.7232471926793194,
              53.65146322326418
            ],
            [
              -1.723516687264555,
              53.65160697847023
            ],
            [
              -1.724666530828228,
              53.651788002847304
            ],
            [
              -1.7260229869072485,
              53.65158568143359
            ],
            [
              -1.7269033358856856,
              53.65156970864905
            ],
            [
              -1.7283945392573241,
              53.650946765332264
            ],
            [
              -1.7290233599562077,
              53.650275893005805
            ],
            [
              -1.729858793170439,
              53.6500788887872
            ],
            [
              -1.7307481253017172,
              53.65002564424582
            ],
            [
              -1.7313949123062833,
              53.65014810659051
            ],
            [
              -1.7319967835466434,
              53.65038770580147
            ],
            [
              -1.7322842444375617,
              53.65038238138938
            ],
            [
              -1.7325447558699563,
              53.65053146467452
            ],
            [
              -1.7328322167608745,
              53.650286541856275
            ],
            [
              -1.7331196776517928,
              53.65032381281166
            ],
            [
              -1.7334790037654406,
              53.65018005323065
            ],
            [
              -1.7324189917301795,
              53.64934410817756
            ],
            [
              -1.7339012119489767,
              53.648864896533716
            ],
            [
              -1.7341078244643242,
              53.64843892605598
            ],
            [
              -1.7334700206125995,
              53.64712371505271
            ],
            [
              -1.733874262490453,
              53.64658057951287
            ],
            [
              -1.7336407005165821,
              53.64613328616863
            ],
            [
              -1.7341707065342127,
              53.64584041295636
            ],
            [
              -1.734044942394436,
              53.645259985489524
            ],
            [
              -1.7377190519064847,
              53.644999056777756
            ],
            [
              -1.7439623431311153,
              53.64436004086966
            ],
            [
              -1.7462620302584615,
              53.644248212090254
            ],
            [
              -1.749136639167644,
              53.64448251966878
            ],
            [
              -1.7548678906803263,
              53.645632737991534
            ],
            [
              -1.7561973973008234,
              53.64574456309969
            ],
            [
              -1.7572574093360844,
              53.64571261309905
            ],
            [
              -1.7594672649350183,
              53.64541973696526
            ],
            [
              -1.7609135525424509,
              53.64500970696088
            ],
            [
              -1.7617669520623642,
              53.64448251966878
            ],
            [
              -1.7626023852765953,
              53.643518655156775
            ],
            [
              -1.7631683239055906,
              53.643236414417416
            ],
            [
              -1.7645517294431348,
              53.64300742525988
            ],
            [
              -1.7670220964744636,
              53.64282103781848
            ],
            [
              -1.7687199123614494,
              53.642922219674574
            ],
            [
              -1.7725287691661162,
              53.64348670346978
            ],
            [
              -1.7758076199531525,
              53.64481267813809
            ],
            [
              -1.7767867836128426,
              53.64532388615243
            ],
            [
              -1.7769125477526193,
              53.64520673486314
            ],
            [
              -1.7773347559361556,
              53.64515348416952
            ],
            [
              -1.7776132336742325,
              53.6449032050088
            ],
            [
              -1.778736127779382,
              53.644322764642816
            ],
            [
              -1.7802363143038615,
              53.64399260233813
            ],
            [
              -1.7805147920419389,
              53.64374764153862
            ],
            [
              -1.7809370002254747,
              53.64293287038216
            ],
            [
              -1.7816197198414057,
              53.642570744815714
            ],
            [
              -1.7823563383743837,
              53.64249618916608
            ],
            [
              -1.784027204802846,
              53.642666601885885
            ],
            [
              -1.7843056825409231,
              53.64256009401668
            ],
            [
              -1.786183161484733,
              53.64321511315288
            ],
            [
              -1.7871892746029467,
              53.644173659405936
            ],
            [
              -1.7875036849523886,
              53.64464759922653
            ],
            [
              -1.7876653817035302,
              53.64527063560673
            ],
            [
              -1.787521651258071,
              53.647581647425284
            ],
            [
              -1.7870994430745348,
              53.64990850601804
            ],
            [
              -1.7868838474063462,
              53.65035043490254
            ],
            [
              -1.7861651951790505,
              53.650946765332264
            ],
            [
              -1.785132132602313,
              53.651303494682594
            ],
            [
              -1.7841080531784168,
              53.6514525747109
            ],
            [
              -1.7827605802522375,
              53.65121830585832
            ],
            [
              -1.7783408690543694,
              53.65697348878104
            ],
            [
              -1.776526272180448,
              53.658618442939236
            ],
            [
              -1.773858275786613,
              53.6606306296655
            ],
            [
              -1.771334009838237,
              53.66217962861064
            ],
            [
              -1.7703278967200233,
              53.661626041023084
            ],
            [
              -1.7701123010518345,
              53.6622062432153
            ],
            [
              -1.769160086850668,
              53.66255755442183
            ],
            [
              -1.7680102432869949,
              53.662743854630996
            ],
            [
              -1.7659351349806789,
              53.66278643742033
            ],
            [
              -1.764282234857899,
              53.66318032618194
            ],
            [
              -1.7620454298004415,
              53.66437793831696
            ],
            [
              -1.7586048822622637,
              53.66644839634841
            ],
            [
              -1.7582006403844097,
              53.66658145572505
            ],
            [
              -1.7570687631264192,
              53.66669854762894
            ],
            [
              -1.7540863563831424,
              53.66741705900617
            ],
            [
              -1.7513914105307837,
              53.66767784899418
            ],
            [
              -1.7482023912721594,
              53.66760865997097
            ],
            [
              -1.7472322107653104,
              53.66778961563779
            ],
            [
              -1.7466842384419976,
              53.667991859286964
            ],
            [
              -1.744905574179441,
              53.669322385410545
            ],
            [
              -1.7433694550435965,
              53.67011003707758
            ],
            [
              -1.7430101289299487,
              53.67147242682152
            ],
            [
              -1.7425879207464126,
              53.671993954985346
            ],
            [
              -1.7423184261611768,
              53.67288798824674
            ],
            [
              -1.7411236668332977,
              53.673702180603144
            ],
            [
              -1.7407104418026027,
              53.67442589393244
            ],
            [
              -1.7393989014877882,
              53.67450571449428
            ],
            [
              -1.739165339513917,
              53.67521345019372
            ],
            [
              -1.7387161818718573,
              53.675468870684135
            ],
            [
              -1.737916681268991,
              53.675415658209694
            ],
            [
              -1.7375214225439786,
              53.67547419192789
            ],
            [
              -1.7364164947445113,
              53.67576153809215
            ],
            [
              -1.7345929147177488,
              53.67643200485303
            ],
            [
              -1.7338113804205648,
              53.676980076897074
            ],
            [
              -1.7311433840267298,
              53.679395765774586
            ],
            [
              -1.7309457546642235,
              53.67979481998676
            ],
            [
              -1.731152367179571,
              53.68019919106499
            ],
            [
              -1.7314038954591244,
              53.680364130784795
            ],
            [
              -1.731287114472189,
              53.68036945141017
            ],
            [
              -1.7310894851096825,
              53.68098663939187
            ],
            [
              -1.7305684622448934,
              53.681550613604784
            ],
            [
              -1.7288886126635898,
              53.68229547363277
            ],
            [
              -1.7272267293879688,
              53.6828115474979
            ],
            [
              -1.724343137325945,
              53.684492733963346
            ],
            [
              -1.7236963503213791,
              53.68451933447565
            ]
          ]
        ]
      }
    },
    {
      "type": "Feature",
      "properties": {
        "WardName": "Dewsbury South",
        "NoCllrs": 3,
        "Number": 13
      },
      "geometry": {
        "type": "Polygon",
        "coordinates": [
          [
            [
              -1.6337839735338562,
              53.688998621087755
            ],
            [
              -1.63253531528893,
              53.688817756513274
            ],
            [
              -1.629319346571782,
              53.687562322172326
            ],
            [
              -1.6282952671478859,
              53.687471886897335
            ],
            [
              -1.626696265942153,
              53.68753040386215
            ],
            [
              -1.6251511636534675,
              53.687317614509446
            ],
            [
              -1.6231299542641984,
              53.68663668135458
            ],
            [
              -1.622222655827238,
              53.6861685334231
            ],
            [
              -1.6215040035999422,
              53.68548758168629
            ],
            [
              -1.6212434921675476,
              53.684801298873005
            ],
            [
              -1.6214590878357362,
              53.683120124725974
            ],
            [
              -1.622186723215873,
              53.68127394795345
            ],
            [
              -1.6221238411459846,
              53.680773816971545
            ],
            [
              -1.62186332971359,
              53.68043861947882
            ],
            [
              -1.6209290818181057,
              53.67973097156688
            ],
            [
              -1.620075682298192,
              53.67949685986592
            ],
            [
              -1.6193570300708966,
              53.679486218394054
            ],
            [
              -1.6172010733890099,
              53.6799012338048
            ],
            [
              -1.6165902189958086,
              53.67985334761995
            ],
            [
              -1.6160961455895426,
              53.67962987803747
            ],
            [
              -1.6157997015457832,
              53.679230822262596
            ],
            [
              -1.6152157966111056,
              53.67758135161617
            ],
            [
              -1.614775622121887,
              53.67586264090601
            ],
            [
              -1.6147217232048399,
              53.67475581794204
            ],
            [
              -1.614317481326986,
              53.67397889599121
            ],
            [
              -1.6135000144184373,
              53.67343078489937
            ],
            [
              -1.6112362599024561,
              53.67276559195683
            ],
            [
              -1.6093497978058051,
              53.67239840095358
            ],
            [
              -1.608020291185308,
              53.67235582787659
            ],
            [
              -1.6075801166960897,
              53.67198331161797
            ],
            [
              -1.6084963982858915,
              53.67096153583006
            ],
            [
              -1.6070590938313003,
              53.66973750096209
            ],
            [
              -1.6067177340233347,
              53.66913611428246
            ],
            [
              -1.603726344127217,
              53.6693010973233
            ],
            [
              -1.6025585342578614,
              53.669109504054084
            ],
            [
              -1.5991179867196836,
              53.66739576995631
            ],
            [
              -1.5971776257059855,
              53.665969379113655
            ],
            [
              -1.5951384500110342,
              53.66471858621836
            ],
            [
              -1.5912307785251143,
              53.66287160286989
            ],
            [
              -1.5914823068046677,
              53.66261610600487
            ],
            [
              -1.5914104415819383,
              53.66234996179011
            ],
            [
              -1.5905570420620248,
              53.66175379265021
            ],
            [
              -1.5904672105336128,
              53.66123746077709
            ],
            [
              -1.590341446393836,
              53.66118423032742
            ],
            [
              -1.5904402610750892,
              53.6610990614681
            ],
            [
              -1.590305513782471,
              53.66105647697389
            ],
            [
              -1.5908804355643076,
              53.66049222836386
            ],
            [
              -1.591850616071157,
              53.660811615297284
            ],
            [
              -1.592641133521182,
              53.65947017391312
            ],
            [
              -1.5926590998268644,
              53.659331768801
            ],
            [
              -1.5924704536171994,
              53.65925724278315
            ],
            [
              -1.5925962177569761,
              53.65908689710468
            ],
            [
              -1.5932699542200657,
              53.65920933313066
            ],
            [
              -1.5943209831024854,
              53.65972036661636
            ],
            [
              -1.5952282815394463,
              53.65983747758419
            ],
            [
              -1.5953270962206993,
              53.6596937504419
            ],
            [
              -1.5954259109019526,
              53.65977892214095
            ],
            [
              -1.5961176136707245,
              53.65949679022872
            ],
            [
              -1.5960996473650422,
              53.659331768801
            ],
            [
              -1.5963511756445956,
              53.65922530302087
            ],
            [
              -1.5966386365355139,
              53.65893784407129
            ],
            [
              -1.5965667713127845,
              53.65887928737827
            ],
            [
              -1.5971416930946207,
              53.65894316740302
            ],
            [
              -1.5976896654179338,
              53.65873555696869
            ],
            [
              -1.5977435643349809,
              53.658586502692906
            ],
            [
              -1.5984622165622764,
              53.65838421390415
            ],
            [
              -1.5994593465276492,
              53.65835227348035
            ],
            [
              -1.599441380221967,
              53.65858117931617
            ],
            [
              -1.5996120601259496,
              53.658645059792676
            ],
            [
              -1.6003576618117688,
              53.658613119566525
            ],
            [
              -1.60036664496461,
              53.65852262212764
            ],
            [
              -1.6000971503793742,
              53.658464064857796
            ],
            [
              -1.6001690156021036,
              53.658245805226194
            ],
            [
              -1.6006181732441633,
              53.658171277288275
            ],
            [
              -1.6009774993578112,
              53.65821386469751
            ],
            [
              -1.602253107061261,
              53.65789978154298
            ],
            [
              -1.6031514223453804,
              53.65803819135713
            ],
            [
              -1.6035736305289165,
              53.65783057646548
            ],
            [
              -1.6040048218652938,
              53.657819929520386
            ],
            [
              -1.6044449963545124,
              53.65759101955063
            ],
            [
              -1.6046246594113363,
              53.65757504904123
            ],
            [
              -1.6047504235511132,
              53.65767619549854
            ],
            [
              -1.6054241600142027,
              53.65738340245653
            ],
            [
              -1.606035014407404,
              53.65729822591696
            ],
            [
              -1.60630450899264,
              53.657010753825354
            ],
            [
              -1.606502138355146,
              53.65719175500051
            ],
            [
              -1.6069153633858413,
              53.65696284161947
            ],
            [
              -1.6077507966000724,
              53.65709060738077
            ],
            [
              -1.6079035101983727,
              53.656968165200595
            ],
            [
              -1.6081280890194025,
              53.65696284161947
            ],
            [
              -1.6084874151330504,
              53.65714916655862
            ],
            [
              -1.6087299602597627,
              53.65709593094577
            ],
            [
              -1.6087838591768098,
              53.65697881236082
            ],
            [
              -1.6095025114041053,
              53.65699478309612
            ],
            [
              -1.6098618375177531,
              53.656781839461395
            ],
            [
              -1.6102481130899247,
              53.656936223703795
            ],
            [
              -1.6104816750637958,
              53.656925576532835
            ],
            [
              -1.6104367592995898,
              53.65674989782343
            ],
            [
              -1.6108499843302846,
              53.65655292385437
            ],
            [
              -1.6107601528018727,
              53.65635062530651
            ],
            [
              -1.6111284620683617,
              53.65619623891944
            ],
            [
              -1.611739316461563,
              53.65625479933972
            ],
            [
              -1.6167429325941087,
              53.65575969504119
            ],
            [
              -1.617677180489593,
              53.65559465898282
            ],
            [
              -1.6177670120180052,
              53.65541365095008
            ],
            [
              -1.6199589013112567,
              53.655312499063896
            ],
            [
              -1.6201385643680806,
              53.65538170827541
            ],
            [
              -1.6213243405431184,
              53.655365736928985
            ],
            [
              -1.621593835128354,
              53.65463104845266
            ],
            [
              -1.622375369425538,
              53.65443938848355
            ],
            [
              -1.6226538471636154,
              53.654460684078686
            ],
            [
              -1.6228784259846452,
              53.65425837549045
            ],
            [
              -1.6231299542641984,
              53.65435952990594
            ],
            [
              -1.6232736847096578,
              53.65426369941309
            ],
            [
              -1.623237752098293,
              53.65406671382707
            ],
            [
              -1.6233994488494345,
              53.65403477013182
            ],
            [
              -1.6254745571557505,
              53.654167868702444
            ],
            [
              -1.6273700024052429,
              53.65385375540142
            ],
            [
              -1.6289600204581343,
              53.653736627808755
            ],
            [
              -1.6290498519865462,
              53.65361417588672
            ],
            [
              -1.6296876558382711,
              53.6537419517973
            ],
            [
              -1.6298583357422538,
              53.653651443900635
            ],
            [
              -1.6300290156462365,
              53.6538111635872
            ],
            [
              -1.6301637629388546,
              53.65361417588672
            ],
            [
              -1.6305500385110256,
              53.65369403587622
            ],
            [
              -1.6306758026508024,
              53.653843107451884
            ],
            [
              -1.6308195330962618,
              53.654844002951954
            ],
            [
              -1.6311788592099095,
              53.65563192524603
            ],
            [
              -1.6311968255155918,
              53.65634530164739
            ],
            [
              -1.6309003814718324,
              53.657138519441425
            ],
            [
              -1.6310351287644504,
              53.65809142578002
            ],
            [
              -1.631295640196845,
              53.65797963341428
            ],
            [
              -1.631619033699128,
              53.65797963341428
            ],
            [
              -1.6316998820746988,
              53.65786251728459
            ],
            [
              -1.6319873429656169,
              53.6579423692265
            ],
            [
              -1.6323826016906295,
              53.65791042846789
            ],
            [
              -1.6322478543980117,
              53.658011574120465
            ],
            [
              -1.6324365006076769,
              53.658160630429244
            ],
            [
              -1.633182102293496,
              53.65805416169104
            ],
            [
              -1.633541428407144,
              53.658219188120626
            ],
            [
              -1.6340714344247742,
              53.658011574120465
            ],
            [
              -1.634287030092963,
              53.65819257099826
            ],
            [
              -1.6342600806344394,
              53.65833097985102
            ],
            [
              -1.6345116089139928,
              53.65834695007402
            ],
            [
              -1.6353380589753828,
              53.65873023361076
            ],
            [
              -1.6357153513947131,
              53.65870361681108
            ],
            [
              -1.6356434861719835,
              53.65857053256067
            ],
            [
              -1.6362902731765496,
              53.65853859227805
            ],
            [
              -1.6365507846089442,
              53.658645059792676
            ],
            [
              -1.6372155379191926,
              53.658469388249316
            ],
            [
              -1.6379880890635354,
              53.658565209181894
            ],
            [
              -1.6381408026618356,
              53.658687646723244
            ],
            [
              -1.6385899603038956,
              53.658671676629304
            ],
            [
              -1.638886404347655,
              53.658554562422374
            ],
            [
              -1.639398444059603,
              53.65868232335926
            ],
            [
              -1.6398206522431393,
              53.65859182606898
            ],
            [
              -1.6405123550119114,
              53.658639736423325
            ],
            [
              -1.6407010012215764,
              53.658469388249316
            ],
            [
              -1.64132982192046,
              53.658485358419874
            ],
            [
              -1.6415813502000134,
              53.65859182606898
            ],
            [
              -1.6419855920778672,
              53.658527945511786
            ],
            [
              -1.6420754236062793,
              53.658325656442024
            ],
            [
              -1.6424078002614035,
              53.65829903938688
            ],
            [
              -1.64380917210463,
              53.658565209181894
            ],
            [
              -1.6447164705415906,
              53.658458741465594
            ],
            [
              -1.6451746113364918,
              53.658517298742844
            ],
            [
              -1.6462256402189115,
              53.658842023985805
            ],
            [
              -1.6464951348041474,
              53.65878346715966
            ],
            [
              -1.646656831555289,
              53.658565209181894
            ],
            [
              -1.6468275114592714,
              53.65865570652935
            ],
            [
              -1.6470520902803014,
              53.65855988580249
            ],
            [
              -1.6473575174769022,
              53.65859714944439
            ],
            [
              -1.6474024332411081,
              53.65874088032591
            ],
            [
              -1.647770742507597,
              53.65880476056039
            ],
            [
              -1.6489475355297936,
              53.65988006331001
            ],
            [
              -1.649055333363888,
              53.66013557676135
            ],
            [
              -1.6492619458792355,
              53.66014089994178
            ],
            [
              -1.6493877100190122,
              53.66073709189595
            ],
            [
              -1.6501243285519902,
              53.66057739844942
            ],
            [
              -1.6502141600804021,
              53.660726445685015
            ],
            [
              -1.65057348619405,
              53.66183363722053
            ],
            [
              -1.649621271992883,
              53.661977357065915
            ],
            [
              -1.6497021203684539,
              53.662094461762756
            ],
            [
              -1.650115345399149,
              53.662014617686566
            ],
            [
              -1.6503668736787025,
              53.66246706545167
            ],
            [
              -1.6498728002724368,
              53.66256287729637
            ],
            [
              -1.6499626318008487,
              53.66291418553014
            ],
            [
              -1.6514897677838518,
              53.6632495224761
            ],
            [
              -1.6530348700725375,
              53.6630951613562
            ],
            [
              -1.6543643766930343,
              53.663654052383826
            ],
            [
              -1.6567089795845864,
              53.664361970379005
            ],
            [
              -1.6610119097955187,
              53.66323355411059
            ],
            [
              -1.6613173369921193,
              53.663877606719616
            ],
            [
              -1.662035989219415,
              53.66471326361608
            ],
            [
              -1.6621168375949857,
              53.66513906967446
            ],
            [
              -1.661892258773956,
              53.66629404694511
            ],
            [
              -1.662404298485904,
              53.66723077945513
            ],
            [
              -1.6625390457785219,
              53.667715104574974
            ],
            [
              -1.6624402310972688,
              53.66785880436385
            ],
            [
              -1.6627007425296634,
              53.66857197384253
            ],
            [
              -1.6634014284512766,
              53.67006213976155
            ],
            [
              -1.663976350233113,
              53.67084977759989
            ],
            [
              -1.6635990578137831,
              53.671754478568864
            ],
            [
              -1.6639853333859544,
              53.67288798824674
            ],
            [
              -1.6648836486700738,
              53.67344674940093
            ],
            [
              -1.6621258207478269,
              53.67523473529376
            ],
            [
              -1.660562752153459,
              53.67600099173176
            ],
            [
              -1.6539960674265455,
              53.678235826731715
            ],
            [
              -1.6521814705526239,
              53.67916697298776
            ],
            [
              -1.6505016209713204,
              53.68036945141017
            ],
            [
              -1.649612288840042,
              53.680704649453396
            ],
            [
              -1.648273799066704,
              53.68081106097273
            ],
            [
              -1.6458573309524225,
              53.68071529061743
            ],
            [
              -1.6445637569432905,
              53.680550352272796
            ],
            [
              -1.6431623851000638,
              53.679943799256726
            ],
            [
              -1.641608299658537,
              53.67895414137261
            ],
            [
              -1.6406471023045293,
              53.67856040004943
            ],
            [
              -1.6395511576579034,
              53.67829435653124
            ],
            [
              -1.6381408026618356,
              53.67829967741806
            ],
            [
              -1.6366945150544032,
              53.67864021277724
            ],
            [
              -1.6362992563293908,
              53.6792893506795
            ],
            [
              -1.6360567112026785,
              53.68043329886217
            ],
            [
              -1.6361824753424552,
              53.68121010177581
            ],
            [
              -1.637458083045905,
              53.68484385937278
            ],
            [
              -1.6375389314214757,
              53.686211092541036
            ],
            [
              -1.6374311335873812,
              53.68706226586679
            ],
            [
              -1.636999942251004,
              53.68788682361884
            ],
            [
              -1.6361824753424552,
              53.68848262304236
            ],
            [
              -1.6349966991674174,
              53.68888159115769
            ],
            [
              -1.6337839735338562,
              53.688998621087755
            ]
          ]
        ]
      }
    },
    {
      "type": "Feature",
      "properties": {
        "WardName": "Ashbrow",
        "NoCllrs": 3,
        "Number": 2
      },
      "geometry": {
        "type": "Polygon",
        "coordinates": [
          [
            [
              -1.746711187900521,
              53.69458376224321
            ],
            [
              -1.7459655862147019,
              53.6942912256191
            ],
            [
              -1.7457679568521958,
              53.69375933563976
            ],
            [
              -1.7452649002930887,
              53.6932646719278
            ],
            [
              -1.7438725116027034,
              53.69229660354461
            ],
            [
              -1.7433425055850729,
              53.69204660424663
            ],
            [
              -1.7420848641873055,
              53.69168490050695
            ],
            [
              -1.7415728244753574,
              53.69137106680322
            ],
            [
              -1.7411955320560273,
              53.69091361009567
            ],
            [
              -1.7408272227895383,
              53.68981782149029
            ],
            [
              -1.740863155400903,
              53.68793470066973
            ],
            [
              -1.7405577282043023,
              53.68706226586679
            ],
            [
              -1.7388419460116342,
              53.68539714195537
            ],
            [
              -1.738186175854227,
              53.685168381769046
            ],
            [
              -1.737126163818966,
              53.685019420979636
            ],
            [
              -1.7366500567183825,
              53.68479065874135
            ],
            [
              -1.7363176800632583,
              53.68396072018875
            ],
            [
              -1.736209882229164,
              53.68282218812961
            ],
            [
              -1.7359853034081338,
              53.68247636622287
            ],
            [
              -1.7353744490149328,
              53.68203477412148
            ],
            [
              -1.73234712650745,
              53.68051842864761
            ],
            [
              -1.7319249183239138,
              53.680364130784795
            ],
            [
              -1.7314038954591244,
              53.680364130784795
            ],
            [
              -1.731152367179571,
              53.68019919106499
            ],
            [
              -1.7309367715113824,
              53.679752254384255
            ],
            [
              -1.7314128786119658,
              53.679124406750745
            ],
            [
              -1.7338113804205648,
              53.676980076897074
            ],
            [
              -1.7347186788575255,
              53.676357509073235
            ],
            [
              -1.7365692083428117,
              53.67570832598739
            ],
            [
              -1.7377100687536435,
              53.67543162195909
            ],
            [
              -1.7387161818718573,
              53.675468870684135
            ],
            [
              -1.739165339513917,
              53.67521345019372
            ],
            [
              -1.7393989014877882,
              53.67450571449428
            ],
            [
              -1.7407104418026027,
              53.67442589393244
            ],
            [
              -1.7411236668332977,
              53.673702180603144
            ],
            [
              -1.7423184261611768,
              53.67288798824674
            ],
            [
              -1.7425879207464126,
              53.671993954985346
            ],
            [
              -1.7430101289299487,
              53.67147242682152
            ],
            [
              -1.7433694550435965,
              53.67011003707758
            ],
            [
              -1.744905574179441,
              53.669322385410545
            ],
            [
              -1.7465764406079032,
              53.668045081138594
            ],
            [
              -1.7472322107653104,
              53.66778961563779
            ],
            [
              -1.7482023912721594,
              53.66760865997097
            ],
            [
              -1.7513914105307837,
              53.66767784899418
            ],
            [
              -1.753098209570611,
              53.66752882634153
            ],
            [
              -1.7543199183570135,
              53.66737980316185
            ],
            [
              -1.7572933419474492,
              53.666655968792455
            ],
            [
              -1.7582904719128218,
              53.66656016625302
            ],
            [
              -1.7625934021237541,
              53.66406390109356
            ],
            [
              -1.7643630832334698,
              53.66314838939246
            ],
            [
              -1.7659351349806789,
              53.66278643742033
            ],
            [
              -1.7680102432869949,
              53.662743854630996
            ],
            [
              -1.769160086850668,
              53.66255755442183
            ],
            [
              -1.7701123010518345,
              53.6622062432153
            ],
            [
              -1.7703278967200233,
              53.661626041023084
            ],
            [
              -1.771334009838237,
              53.66217962861064
            ],
            [
              -1.773858275786613,
              53.6606306296655
            ],
            [
              -1.7755560916735988,
              53.65937967831431
            ],
            [
              -1.7765352553332894,
              53.65956066931762
            ],
            [
              -1.776472373263401,
              53.65976827568798
            ],
            [
              -1.7765891542503365,
              53.65979489181534
            ],
            [
              -1.7809639496839984,
              53.66014089994178
            ],
            [
              -1.780478859430574,
              53.662168982764065
            ],
            [
              -1.7817095513698176,
              53.66171120881753
            ],
            [
              -1.7820688774834654,
              53.662222211970054
            ],
            [
              -1.78255396773689,
              53.66245109678972
            ],
            [
              -1.7830839737545205,
              53.6630738701229
            ],
            [
              -1.7842158510125112,
              53.66467600538128
            ],
            [
              -1.7866862180438399,
              53.6642555173048
            ],
            [
              -1.7886984442802676,
              53.6637019569842
            ],
            [
              -1.789363197590516,
              53.66402664228466
            ],
            [
              -1.7894260796604045,
              53.66414906396168
            ],
            [
              -1.7895967595643871,
              53.664122450583875
            ],
            [
              -1.7900279509007646,
              53.66479842517195
            ],
            [
              -1.7902076139575884,
              53.66486761880938
            ],
            [
              -1.790279479180318,
              53.66514439222298
            ],
            [
              -1.789830321538258,
              53.66571922350456
            ],
            [
              -1.7897225237041638,
              53.666831606215716
            ],
            [
              -1.7896147258700694,
              53.66685821788266
            ],
            [
              -1.7902525297217944,
              53.66747560383786
            ],
            [
              -1.7907466031280599,
              53.66747028158378
            ],
            [
              -1.7907016873638542,
              53.667177556575034
            ],
            [
              -1.7912316933814847,
              53.667076432917625
            ],
            [
              -1.7911598281587553,
              53.66681563920749
            ],
            [
              -1.791429322743991,
              53.66671451468154
            ],
            [
              -1.7913574575212614,
              53.66664000171767
            ],
            [
              -1.7922288233468573,
              53.66635791573229
            ],
            [
              -1.7920850929013983,
              53.66620356599761
            ],
            [
              -1.792498317932093,
              53.66615566424086
            ],
            [
              -1.792677980988917,
              53.666022603519735
            ],
            [
              -1.794986651269104,
              53.66667193586118
            ],
            [
              -1.795624455120829,
              53.666544199141924
            ],
            [
              -1.79690904597712,
              53.665006005743386
            ],
            [
              -1.798328384126029,
              53.665266810653016
            ],
            [
              -1.798552962947059,
              53.66487294139215
            ],
            [
              -1.8005921386420098,
              53.66540519627615
            ],
            [
              -1.8010502794369108,
              53.665628741322806
            ],
            [
              -1.8016701169829534,
              53.66572986845435
            ],
            [
              -1.8036823432193814,
              53.66641113964765
            ],
            [
              -1.8049310014643072,
              53.66750221509808
            ],
            [
              -1.8061616934035511,
              53.667991859286964
            ],
            [
              -1.8063952553774223,
              53.6682952229407
            ],
            [
              -1.806197626014916,
              53.669886515803555
            ],
            [
              -1.806341356460375,
              53.66998763271725
            ],
            [
              -1.8062155923205985,
              53.67016857816769
            ],
            [
              -1.8060179629580917,
              53.67029630390014
            ],
            [
              -1.8050298161455605,
              53.67054111047175
            ],
            [
              -1.8044009954466766,
              53.67028566010387
            ],
            [
              -1.8043740459881532,
              53.67044531676531
            ],
            [
              -1.8039787872631405,
              53.67034952284106
            ],
            [
              -1.8037542084421108,
              53.670679478774346
            ],
            [
              -1.8040596356387113,
              53.671004110315955
            ],
            [
              -1.8037003095250637,
              53.67123294744063
            ],
            [
              -1.8037003095250637,
              53.67146710507229
            ],
            [
              -1.8039967535688228,
              53.671658687621125
            ],
            [
              -1.8038889557347284,
              53.67170126140257
            ],
            [
              -1.803987770415982,
              53.671850269298794
            ],
            [
              -1.8041674334728057,
              53.67185559099963
            ],
            [
              -1.8045626921978182,
              53.672233430040684
            ],
            [
              -1.8046255742677066,
              53.6725899792676
            ],
            [
              -1.8056316873859206,
              53.67280284303923
            ],
            [
              -1.8068623793251644,
              53.67279752145803
            ],
            [
              -1.80758103155246,
              53.67270173288179
            ],
            [
              -1.8089015550201155,
              53.67222278673376
            ],
            [
              -1.810302926863342,
              53.672164248497836
            ],
            [
              -1.81043767415596,
              53.672025885071385
            ],
            [
              -1.809934617596853,
              53.671318095820894
            ],
            [
              -1.8101412301122006,
              53.671057328362856
            ],
            [
              -1.8104736067673248,
              53.670977501267316
            ],
            [
              -1.8116593829423626,
              53.67113183351554
            ],
            [
              -1.8131865189253658,
              53.67107861556278
            ],
            [
              -1.814174665737897,
              53.67140856578637
            ],
            [
              -1.8153604419129348,
              53.6719194513572
            ],
            [
              -1.8162767235027368,
              53.6729252392209
            ],
            [
              -1.8174445333720923,
              53.6733828913584
            ],
            [
              -1.8177589437215342,
              53.67330306866909
            ],
            [
              -1.8183697981147353,
              53.67270173288179
            ],
            [
              -1.8187740399925891,
              53.672909274521714
            ],
            [
              -1.8177050448044871,
              53.67383521707428
            ],
            [
              -1.8169594431186675,
              53.67483563787874
            ],
            [
              -1.8152436609259994,
              53.676038239953364
            ],
            [
              -1.8129529569514948,
              53.677251449735614
            ],
            [
              -1.810904798103702,
              53.678022990411534
            ],
            [
              -1.8091081675354632,
              53.67849654975834
            ],
            [
              -1.805514906398985,
              53.67908184047074
            ],
            [
              -1.8042752313069,
              53.679395765774586
            ],
            [
              -1.8037811579006342,
              53.679800140684044
            ],
            [
              -1.803430814939828,
              53.67985334761995
            ],
            [
              -1.8031074214375447,
              53.680161946522766
            ],
            [
              -1.802011476790919,
              53.68030028322797
            ],
            [
              -1.801095195201117,
              53.68055567287464
            ],
            [
              -1.7998285706505082,
              53.680507787433854
            ],
            [
              -1.7980858389993164,
              53.680773816971545
            ],
            [
              -1.7955166572867347,
              53.68134843503836
            ],
            [
              -1.7951393648674046,
              53.68135375553939
            ],
            [
              -1.7919144129974154,
              53.68216246387967
            ],
            [
              -1.79059388952976,
              53.682588093610946
            ],
            [
              -1.7902435465689532,
              53.68249232729646
            ],
            [
              -1.78931828182631,
              53.6827955865453
            ],
            [
              -1.7881864045683196,
              53.682715781691535
            ],
            [
              -1.7871353756858994,
              53.68248700693926
            ],
            [
              -1.7842068678596699,
              53.683024359621314
            ],
            [
              -1.7800297017885143,
              53.68358830654752
            ],
            [
              -1.7797691903561197,
              53.683822395506446
            ],
            [
              -1.779149352810077,
              53.68406712348134
            ],
            [
              -1.7789607066004118,
              53.684274609128664
            ],
            [
              -1.7784037511242579,
              53.684529974675854
            ],
            [
              -1.7768137330713663,
              53.684897059936986
            ],
            [
              -1.774639810083797,
              53.68557270125558
            ],
            [
              -1.7741187872190076,
              53.68595573718823
            ],
            [
              -1.773615730659901,
              53.686062135440075
            ],
            [
              -1.7734181012973944,
              53.68625365161595
            ],
            [
              -1.771872999008709,
              53.68666860034219
            ],
            [
              -1.7712262120041429,
              53.68703566696079
            ],
            [
              -1.7708668858904952,
              53.68711546362837
            ],
            [
              -1.7699595874535343,
              53.687721913360186
            ],
            [
              -1.7695014466586334,
              53.687785749665935
            ],
            [
              -1.7692589015319211,
              53.687940020338694
            ],
            [
              -1.7683875357063252,
              53.68812620832894
            ],
            [
              -1.7678844791472181,
              53.68834431321328
            ],
            [
              -1.7666627703608155,
              53.68858369532247
            ],
            [
              -1.7665280230681977,
              53.688525179821454
            ],
            [
              -1.7665280230681977,
              53.68861029325057
            ],
            [
              -1.7659800507448848,
              53.688764560902335
            ],
            [
              -1.7650278365437182,
              53.68882307607067
            ],
            [
              -1.7648751229454178,
              53.6889560647872
            ],
            [
              -1.7646235946658644,
              53.68890818889765
            ],
            [
              -1.7640576560368693,
              53.68902521875378
            ],
            [
              -1.764012740272663,
              53.689126289731384
            ],
            [
              -1.7634647679493503,
              53.68904649687448
            ],
            [
              -1.7633659532680972,
              53.689232679972015
            ],
            [
              -1.7628000146391019,
              53.689296513987394
            ],
            [
              -1.762719166263531,
              53.68950929333959
            ],
            [
              -1.7623778064555655,
              53.68957844639755
            ],
            [
              -1.7623059412328361,
              53.689482695979365
            ],
            [
              -1.7620903455646475,
              53.68957844639755
            ],
            [
              -1.7621352613288535,
              53.68966355769755
            ],
            [
              -1.7617939015208879,
              53.68964227988869
            ],
            [
              -1.7617849183680467,
              53.68977526601772
            ],
            [
              -1.7615244069356522,
              53.68981250205859
            ],
            [
              -1.7612638955032573,
              53.690216776953946
            ],
            [
              -1.7607249063327857,
              53.69042423230104
            ],
            [
              -1.7608955862367683,
              53.69094020655196
            ],
            [
              -1.7607338894856268,
              53.69099871869668
            ],
            [
              -1.760823721014039,
              53.691115742742134
            ],
            [
              -1.7606979568742622,
              53.69150936668979
            ],
            [
              -1.7604284622890263,
              53.69164766612206
            ],
            [
              -1.7599613383412842,
              53.69166362371963
            ],
            [
              -1.7598984562713955,
              53.69181788018424
            ],
            [
              -1.7596738774503657,
              53.69191362529181
            ],
            [
              -1.7598535405071896,
              53.692679578313545
            ],
            [
              -1.7585958991094224,
              53.69289234056868
            ],
            [
              -1.7564848581917414,
              53.692748726164396
            ],
            [
              -1.7519663323126204,
              53.69296148807008
            ],
            [
              -1.750214617508587,
              53.69344551739979
            ],
            [
              -1.7486605320670605,
              53.69422208030183
            ],
            [
              -1.7477352673244175,
              53.69453057391729
            ],
            [
              -1.746711187900521,
              53.69458376224321
            ]
          ]
        ]
      }
    },
    {
      "type": "Feature",
      "properties": {
        "WardName": "Mirfield",
        "NoCllrs": 3,
        "Number": 22
      },
      "geometry": {
        "type": "Polygon",
        "coordinates": [
          [
            [
              -1.69852555606035,
              53.696572957375174
            ],
            [
              -1.6978069038330545,
              53.69555177803294
            ],
            [
              -1.6977170723046424,
              53.69502522275449
            ],
            [
              -1.6966750265750639,
              53.69484970286468
            ],
            [
              -1.694752631867048,
              53.69350934502792
            ],
            [
              -1.6938632997357697,
              53.69369018944885
            ],
            [
              -1.6920037870976423,
              53.694493342049164
            ],
            [
              -1.6908539435339691,
              53.69441887821416
            ],
            [
              -1.6896591842060904,
              53.69461567520649
            ],
            [
              -1.6896322347475667,
              53.69470609513775
            ],
            [
              -1.6885991721708293,
              53.69491352836383
            ],
            [
              -1.6867666089912254,
              53.69478055846471
            ],
            [
              -1.6865240638645131,
              53.694902890787375
            ],
            [
              -1.6859850746940415,
              53.69489225320821
            ],
            [
              -1.6855628665105054,
              53.69504649784293
            ],
            [
              -1.6835147076627128,
              53.695275204364464
            ],
            [
              -1.6803616210154533,
              53.694977353766205
            ],
            [
              -1.6787536366568794,
              53.694599718727865
            ],
            [
              -1.6781068496523133,
              53.69454653042213
            ],
            [
              -1.6776666751630946,
              53.694679501060484
            ],
            [
              -1.6763551348482801,
              53.694727370387454
            ],
            [
              -1.675879027747697,
              53.69461567520649
            ],
            [
              -1.6755466510925727,
              53.694652906966404
            ],
            [
              -1.6742081613192346,
              53.69448802320818
            ],
            [
              -1.673031368297038,
              53.69388167093009
            ],
            [
              -1.671189821964593,
              53.69341360354939
            ],
            [
              -1.6704621865844562,
              53.69349338812997
            ],
            [
              -1.6697255680514782,
              53.69339764661515
            ],
            [
              -1.669024882129865,
              53.69354657776633
            ],
            [
              -1.668252330985522,
              53.693535939844416
            ],
            [
              -1.6677313081207328,
              53.69383380064142
            ],
            [
              -1.6674348640769734,
              53.693780611367956
            ],
            [
              -1.6664377341116008,
              53.69390294659648
            ],
            [
              -1.6663209531246652,
              53.693743378836565
            ],
            [
              -1.6661502732206823,
              53.69374869777164
            ],
            [
              -1.665719081884305,
              53.69266894017256
            ],
            [
              -1.6641200806785723,
              53.69141893989228
            ],
            [
              -1.6634553273683237,
              53.69063168662595
            ],
            [
              -1.6643177100410786,
              53.68942950120852
            ],
            [
              -1.6650633117268978,
              53.688791158716214
            ],
            [
              -1.6658717954826054,
              53.68833367397686
            ],
            [
              -1.6652878905479276,
              53.68761019959218
            ],
            [
              -1.665296873700769,
              53.68736549220756
            ],
            [
              -1.6648566992115503,
              53.687179300853565
            ],
            [
              -1.6648836486700738,
              53.68702502739367
            ],
            [
              -1.664712968766091,
              53.686886712776705
            ],
            [
              -1.663634990425148,
              53.68682287510794
            ],
            [
              -1.6624312479444276,
              53.686407927901925
            ],
            [
              -1.6616946294114496,
              53.686370688850175
            ],
            [
              -1.6610029266426776,
              53.68553546146517
            ],
            [
              -1.661200556005184,
              53.68468957735649
            ],
            [
              -1.6622066691233979,
              53.68482789919041
            ],
            [
              -1.6632576980058176,
              53.68440761221107
            ],
            [
              -1.663778720870607,
              53.68464701670081
            ],
            [
              -1.664659069849044,
              53.68431185003407
            ],
            [
              -1.6659256943996525,
              53.68511518154758
            ],
            [
              -1.6665275656400127,
              53.68491302009315
            ],
            [
              -1.667327066242879,
              53.68558866115567
            ],
            [
              -1.667919954330398,
              53.68537586199047
            ],
            [
              -1.6683152130554104,
              53.685790819366545
            ],
            [
              -1.6704891360429799,
              53.68553014149245
            ],
            [
              -1.6716030469952878,
              53.68299775816468
            ],
            [
              -1.671836608969159,
              53.68282218812961
            ],
            [
              -1.6720072888731417,
              53.682428482965804
            ],
            [
              -1.6714952491611936,
              53.68225823094424
            ],
            [
              -1.671656945912335,
              53.6819762495196
            ],
            [
              -1.6715311817725584,
              53.681949647400955
            ],
            [
              -1.6710999904361812,
              53.68185387963465
            ],
            [
              -1.6706687990998037,
              53.682194386258715
            ],
            [
              -1.6701837088463791,
              53.68200285162145
            ],
            [
              -1.6715042323140348,
              53.68135375553939
            ],
            [
              -1.671279653493005,
              53.68114625550138
            ],
            [
              -1.673211031353862,
              53.68023643557433
            ],
            [
              -1.6745854537385647,
              53.677725017756536
            ],
            [
              -1.6752951228130193,
              53.67678319746896
            ],
            [
              -1.676067673957362,
              53.67604356112521
            ],
            [
              -1.6778822708312833,
              53.67501124120717
            ],
            [
              -1.6767324272676105,
              53.67491545766423
            ],
            [
              -1.6757173309965552,
              53.67503252640935
            ],
            [
              -1.6753400385772252,
              53.674617463026784
            ],
            [
              -1.6748190157124359,
              53.67445250080321
            ],
            [
              -1.6743878243760584,
              53.675096381951406
            ],
            [
              -1.6739835824982048,
              53.67530923305911
            ],
            [
              -1.6735344248561448,
              53.67535712441015
            ],
            [
              -1.6727349242532785,
              53.67506977548731
            ],
            [
              -1.671791693204953,
              53.67400018171502
            ],
            [
              -1.669114713658277,
              53.67299441951412
            ],
            [
              -1.6680277521644922,
              53.67279752145803
            ],
            [
              -1.667048588504802,
              53.67276027037093
            ],
            [
              -1.6656831492729403,
              53.673106172055526
            ],
            [
              -1.6648836486700738,
              53.67344674940093
            ],
            [
              -1.6639853333859544,
              53.67288798824674
            ],
            [
              -1.6635990578137831,
              53.671754478568864
            ],
            [
              -1.663976350233113,
              53.67084977759989
            ],
            [
              -1.6634014284512766,
              53.67006213976155
            ],
            [
              -1.6627007425296634,
              53.66857197384253
            ],
            [
              -1.6624402310972688,
              53.66785880436385
            ],
            [
              -1.6625390457785219,
              53.667715104574974
            ],
            [
              -1.662404298485904,
              53.66723077945513
            ],
            [
              -1.661892258773956,
              53.66629404694511
            ],
            [
              -1.6621168375949857,
              53.66513906967446
            ],
            [
              -1.662035989219415,
              53.66471326361608
            ],
            [
              -1.6613173369921193,
              53.663877606719616
            ],
            [
              -1.6610119097955187,
              53.66320694015466
            ],
            [
              -1.6611017413239308,
              53.662935476844126
            ],
            [
              -1.6622515848876038,
              53.6622754411088
            ],
            [
              -1.6623953153330628,
              53.661961388218415
            ],
            [
              -1.664659069849044,
              53.66110438452683
            ],
            [
              -1.6663209531246652,
              53.660162192656784
            ],
            [
              -1.6670306221991196,
              53.65998120423637
            ],
            [
              -1.6690877641997532,
              53.659140130203134
            ],
            [
              -1.6691596294224829,
              53.65887928737827
            ],
            [
              -1.6704711697372974,
              53.65834162666703
            ],
            [
              -1.6704801528901385,
              53.658203217849234
            ],
            [
              -1.6723306823754247,
              53.65729822591696
            ],
            [
              -1.6728247557816904,
              53.65774540082949
            ],
            [
              -1.673588323773192,
              53.65722369630368
            ],
            [
              -1.672887637851579,
              53.6561110599811
            ],
            [
              -1.6745315548215176,
              53.655589335228235
            ],
            [
              -1.674145279249346,
              53.655200699328326
            ],
            [
              -1.6746034200442472,
              53.65483867910256
            ],
            [
              -1.6746034200442472,
              53.65441809287765
            ],
            [
              -1.6744237569874232,
              53.65434888208416
            ],
            [
              -1.6752771565073368,
              53.653949586826094
            ],
            [
              -1.6761305560272504,
              53.6538111635872
            ],
            [
              -1.6774241300363826,
              53.65285283639138
            ],
            [
              -1.677549894176159,
              53.65162827549611
            ],
            [
              -1.6779631192068543,
              53.65105325202149
            ],
            [
              -1.680208907417153,
              53.65122895447076
            ],
            [
              -1.6806221324478479,
              53.65111181958595
            ],
            [
              -1.680909593338766,
              53.65119700862538
            ],
            [
              -1.6813946835921907,
              53.65163892400501
            ],
            [
              -1.681960622221186,
              53.65166554526551
            ],
            [
              -1.682275032570628,
              53.651931756946006
            ],
            [
              -1.682697240754164,
              53.65202226853446
            ],
            [
              -1.6854910012877757,
              53.651521790259146
            ],
            [
              -1.6895154537606314,
              53.65120765724319
            ],
            [
              -1.6906922467828278,
              53.65168684226179
            ],
            [
              -1.690746145699875,
              53.65184124516323
            ],
            [
              -1.6909886908265872,
              53.651915784292584
            ],
            [
              -1.6920307365561658,
              53.65197435065889
            ],
            [
              -1.6928212540061909,
              53.652240560389586
            ],
            [
              -1.6933602431766628,
              53.65269311307425
            ],
            [
              -1.6956778966096913,
              53.655291203899026
            ],
            [
              -1.6968996053960936,
              53.65588214073148
            ],
            [
              -1.698624370741603,
              53.65614300210315
            ],
            [
              -1.7006455801308722,
              53.655695810192
            ],
            [
              -1.7025949242974114,
              53.655482859995544
            ],
            [
              -1.703403408053119,
              53.65545091737331
            ],
            [
              -1.7042478244201913,
              53.65559998273672
            ],
            [
              -1.7048047798963455,
              53.655914083027
            ],
            [
              -1.7054425837480705,
              53.656579542012096
            ],
            [
              -1.70611632021116,
              53.656771192251426
            ],
            [
              -1.707832102403828,
              53.65783589993699
            ],
            [
              -1.7104641661862985,
              53.65866635326333
            ],
            [
              -1.7110121385096113,
              53.65870361681108
            ],
            [
              -1.7121619820732843,
              53.658996400682994
            ],
            [
              -1.7124224935056789,
              53.65929982909518
            ],
            [
              -1.712512325034091,
              53.659853447236415
            ],
            [
              -1.7116499423613363,
              53.660476258953686
            ],
            [
              -1.7126380891738675,
              53.66132795238725
            ],
            [
              -1.7173542444154952,
              53.66331871865667
            ],
            [
              -1.716473895437058,
              53.6637179251722
            ],
            [
              -1.71491082684269,
              53.6631856489778
            ],
            [
              -1.7145694670347247,
              53.663387914723614
            ],
            [
              -1.7149287931483725,
              53.66372857062752
            ],
            [
              -1.7150455741353081,
              53.66479842517195
            ],
            [
              -1.714632349104613,
              53.66566599871529
            ],
            [
              -1.7146682817159777,
              53.665857607642046
            ],
            [
              -1.7144077702835832,
              53.665900187285224
            ],
            [
              -1.7143179387551712,
              53.66605986056401
            ],
            [
              -1.7143179387551712,
              53.66660806754996
            ],
            [
              -1.7139855621000468,
              53.666980631334084
            ],
            [
              -1.7127189375494383,
              53.66770446012667
            ],
            [
              -1.7123146956715847,
              53.66813555813203
            ],
            [
              -1.7119823190164603,
              53.66883275668277
            ],
            [
              -1.7121619820732843,
              53.66975346686318
            ],
            [
              -1.7112546836363236,
              53.670482569899235
            ],
            [
              -1.7105539977147104,
              53.671658687621125
            ],
            [
              -1.7095568677493378,
              53.67213764018189
            ],
            [
              -1.7088921144390894,
              53.6722653599452
            ],
            [
              -1.7088022829106775,
              53.672504833457815
            ],
            [
              -1.709017878578866,
              53.67284009408867
            ],
            [
              -1.708092613836223,
              53.673499964362435
            ],
            [
              -1.7069876860367559,
              53.67402678885464
            ],
            [
              -1.705972589765701,
              53.67479306726465
            ],
            [
              -1.706062421294113,
              53.67570832598739
            ],
            [
              -1.7056222468048943,
              53.67674062882297
            ],
            [
              -1.7082632937402056,
              53.677139708190296
            ],
            [
              -1.7093861878453551,
              53.67751217885529
            ],
            [
              -1.7111468858022292,
              53.67837949063989
            ],
            [
              -1.7136442022920815,
              53.67993315789778
            ],
            [
              -1.715225237192132,
              53.680683367117275
            ],
            [
              -1.7161415187819338,
              53.68084298437612
            ],
            [
              -1.7172733960399245,
              53.68086958719377
            ],
            [
              -1.7185220542848505,
              53.68120478125664
            ],
            [
              -1.7194832516388583,
              53.68172618894088
            ],
            [
              -1.7203186848530896,
              53.682380599654316
            ],
            [
              -1.721396663194033,
              53.68382771569494
            ],
            [
              -1.7235975356401259,
              53.684492733963346
            ],
            [
              -1.724343137325945,
              53.684492733963346
            ],
            [
              -1.7245766992998162,
              53.6846416966158
            ],
            [
              -1.7253761999026824,
              53.68482789919041
            ],
            [
              -1.72701113371978,
              53.685918497736566
            ],
            [
              -1.7270380831783034,
              53.686131294159594
            ],
            [
              -1.7232202432207957,
              53.68656752346509
            ],
            [
              -1.721351747429827,
              53.6869133117768
            ],
            [
              -1.7150186246767845,
              53.689610363155204
            ],
            [
              -1.7134645392352577,
              53.69014762494441
            ],
            [
              -1.7073919279146097,
              53.6913178744182
            ],
            [
              -1.7064037811020782,
              53.69159447408649
            ],
            [
              -1.7045352853111095,
              53.692535963183445
            ],
            [
              -1.6987052191171739,
              53.696806974152004
            ],
            [
              -1.69852555606035,
              53.696572957375174
            ]
          ]
        ]
      }
    },
    {
      "type": "Feature",
      "properties": {
        "WardName": "Dewsbury West",
        "NoCllrs": 3,
        "Number": 14
      },
      "geometry": {
        "type": "Polygon",
        "coordinates": [
          [
            [
              -1.6421023730648028,
              53.7009924635749
            ],
            [
              -1.6386528423737838,
              53.69726968531303
            ],
            [
              -1.6375658808799993,
              53.69659423168139
            ],
            [
              -1.639209797849938,
              53.695987909741184
            ],
            [
              -1.639398444059603,
              53.69583898722689
            ],
            [
              -1.6411142262522715,
              53.69538157906741
            ],
            [
              -1.6408447316670354,
              53.69492416593763
            ],
            [
              -1.6394972587408563,
              53.69466886342488
            ],
            [
              -1.6385360613868483,
              53.69428590675257
            ],
            [
              -1.6379701227578531,
              53.694519936244056
            ],
            [
              -1.636999942251004,
              53.693892308764624
            ],
            [
              -1.6368023128884976,
              53.693535939844416
            ],
            [
              -1.6391379326272084,
              53.69245085768999
            ],
            [
              -1.6376557124084112,
              53.691248724217175
            ],
            [
              -1.6381228363561533,
              53.69070083784043
            ],
            [
              -1.6382306341902477,
              53.690264651355555
            ],
            [
              -1.6381138532033122,
              53.69007315342253
            ],
            [
              -1.63847317931696,
              53.68990825172671
            ],
            [
              -1.638158768967518,
              53.68964759934192
            ],
            [
              -1.6375299482686343,
              53.689753988265295
            ],
            [
              -1.6367843465828151,
              53.68966355769755
            ],
            [
              -1.6353380589753828,
              53.69063168662595
            ],
            [
              -1.6350056823202588,
              53.69005719522213
            ],
            [
              -1.6358411155344899,
              53.68954652961569
            ],
            [
              -1.6346822888179755,
              53.689355028416436
            ],
            [
              -1.6348170361105934,
              53.68920076292806
            ],
            [
              -1.6347541540407051,
              53.6889135084436
            ],
            [
              -1.635895014451537,
              53.68861561283418
            ],
            [
              -1.6367663802771328,
              53.688110249390604
            ],
            [
              -1.6372245210720338,
              53.68755700245565
            ],
            [
              -1.637467066198746,
              53.68689735237876
            ],
            [
              -1.637458083045905,
              53.68484385937278
            ],
            [
              -1.6361824753424552,
              53.68121010177581
            ],
            [
              -1.6360567112026785,
              53.68043329886217
            ],
            [
              -1.6362992563293908,
              53.6792893506795
            ],
            [
              -1.636631632984515,
              53.6786774586651
            ],
            [
              -1.6377724933953468,
              53.678347565369315
            ],
            [
              -1.6388235222777665,
              53.678257110304585
            ],
            [
              -1.6395511576579034,
              53.67829435653124
            ],
            [
              -1.6406471023045293,
              53.67856040004943
            ],
            [
              -1.641608299658537,
              53.67895414137261
            ],
            [
              -1.6431623851000638,
              53.679943799256726
            ],
            [
              -1.6445637569432905,
              53.680550352272796
            ],
            [
              -1.6458573309524225,
              53.68071529061743
            ],
            [
              -1.648273799066704,
              53.68081106097273
            ],
            [
              -1.649612288840042,
              53.680704649453396
            ],
            [
              -1.6505016209713204,
              53.68036945141017
            ],
            [
              -1.6521814705526239,
              53.67916697298776
            ],
            [
              -1.6535918255486914,
              53.67841141588627
            ],
            [
              -1.6556220180908017,
              53.67762391941252
            ],
            [
              -1.660562752153459,
              53.67600099173176
            ],
            [
              -1.6621258207478269,
              53.67523473529376
            ],
            [
              -1.6648836486700738,
              53.67344674940093
            ],
            [
              -1.6656831492729403,
              53.673106172055526
            ],
            [
              -1.667048588504802,
              53.67276027037093
            ],
            [
              -1.6680277521644922,
              53.67279752145803
            ],
            [
              -1.669114713658277,
              53.67299441951412
            ],
            [
              -1.6711089735890223,
              53.673675573258514
            ],
            [
              -1.6719803394146182,
              53.674122574418135
            ],
            [
              -1.6726450927248666,
              53.67500059860204
            ],
            [
              -1.6732739134237502,
              53.67530391179454
            ],
            [
              -1.6738668015112692,
              53.675341160632506
            ],
            [
              -1.6742979928476465,
              53.675165558679375
            ],
            [
              -1.6748190157124359,
              53.67445250080321
            ],
            [
              -1.6753400385772252,
              53.674617463026784
            ],
            [
              -1.6757173309965552,
              53.67503252640935
            ],
            [
              -1.6767324272676105,
              53.67491545766423
            ],
            [
              -1.6778822708312833,
              53.67501124120717
            ],
            [
              -1.676067673957362,
              53.67604356112521
            ],
            [
              -1.6752951228130193,
              53.67678319746896
            ],
            [
              -1.6745854537385647,
              53.677725017756536
            ],
            [
              -1.673211031353862,
              53.68023643557433
            ],
            [
              -1.671279653493005,
              53.68114625550138
            ],
            [
              -1.6715042323140348,
              53.68135375553939
            ],
            [
              -1.6701837088463791,
              53.68200285162145
            ],
            [
              -1.6706687990998037,
              53.682194386258715
            ],
            [
              -1.6710999904361812,
              53.68185387963465
            ],
            [
              -1.6715311817725584,
              53.681949647400955
            ],
            [
              -1.671656945912335,
              53.6819762495196
            ],
            [
              -1.6714952491611936,
              53.68225823094424
            ],
            [
              -1.6720072888731417,
              53.682428482965804
            ],
            [
              -1.671836608969159,
              53.68282218812961
            ],
            [
              -1.6716030469952878,
              53.68299775816468
            ],
            [
              -1.6704891360429799,
              53.68553014149245
            ],
            [
              -1.6683152130554104,
              53.685790819366545
            ],
            [
              -1.667919954330398,
              53.68537586199047
            ],
            [
              -1.667327066242879,
              53.68558866115567
            ],
            [
              -1.6665275656400127,
              53.68491302009315
            ],
            [
              -1.6659256943996525,
              53.68511518154758
            ],
            [
              -1.664659069849044,
              53.68431185003407
            ],
            [
              -1.663778720870607,
              53.68464701670081
            ],
            [
              -1.6632576980058176,
              53.68440761221107
            ],
            [
              -1.6622066691233979,
              53.68482789919041
            ],
            [
              -1.6611736065466602,
              53.684710857668186
            ],
            [
              -1.6610029266426776,
              53.68553546146517
            ],
            [
              -1.6616137810358789,
              53.68631217027371
            ],
            [
              -1.6624312479444276,
              53.686407927901925
            ],
            [
              -1.663634990425148,
              53.68682287510794
            ],
            [
              -1.6647758508359796,
              53.68690799197811
            ],
            [
              -1.6648566992115503,
              53.687179300853565
            ],
            [
              -1.6652699242422453,
              53.687333573748205
            ],
            [
              -1.6652878905479276,
              53.68761019959218
            ],
            [
              -1.6658717954826054,
              53.68833367397686
            ],
            [
              -1.6650633117268978,
              53.688791158716214
            ],
            [
              -1.6643177100410786,
              53.68942950120852
            ],
            [
              -1.6634553273683237,
              53.690583812641705
            ],
            [
              -1.6641200806785723,
              53.69141893989228
            ],
            [
              -1.6657909471070347,
              53.69273808804089
            ],
            [
              -1.6673180830900378,
              53.696434674122806
            ],
            [
              -1.666913841212184,
              53.69748774283247
            ],
            [
              -1.666913841212184,
              53.69825359443743
            ],
            [
              -1.6664197678059183,
              53.698556740181466
            ],
            [
              -1.665710098731464,
              53.69928002647079
            ],
            [
              -1.6654675536047516,
              53.69895029455691
            ],
            [
              -1.6651890758666745,
              53.69899815902725
            ],
            [
              -1.6655663682860047,
              53.699646983144255
            ],
            [
              -1.6646950024604088,
              53.699880982830685
            ],
            [
              -1.6632487148529764,
              53.70049256677658
            ],
            [
              -1.6633565126870706,
              53.700923329265095
            ],
            [
              -1.6631319338660409,
              53.701035007709095
            ],
            [
              -1.6624402310972688,
              53.700848876804464
            ],
            [
              -1.6611915728523428,
              53.699322572336015
            ],
            [
              -1.660059695594352,
              53.697588793495036
            ],
            [
              -1.6594308748954683,
              53.69691334498408
            ],
            [
              -1.6576971263971179,
              53.69750901667635
            ],
            [
              -1.655397439269772,
              53.6988652020308
            ],
            [
              -1.6535289434788032,
              53.69962039218849
            ],
            [
              -1.647627012062138,
              53.70060424636362
            ],
            [
              -1.6422640698159443,
              53.70107755180029
            ],
            [
              -1.6421023730648028,
              53.7009924635749
            ]
          ]
        ]
      }
    },
    {
      "type": "Feature",
      "properties": {
        "WardName": "Dewsbury East",
        "NoCllrs": 3,
        "Number": 12
      },
      "geometry": {
        "type": "Polygon",
        "coordinates": [
          [
            [
              -1.5979052610861222,
              53.70960677335667
            ],
            [
              -1.596827282745179,
              53.709489800714216
            ],
            [
              -1.596782366980973,
              53.7092824393215
            ],
            [
              -1.5957313380985532,
              53.709309024172555
            ],
            [
              -1.5946264102990861,
              53.708867713470156
            ],
            [
              -1.5931352069274478,
              53.70815522618148
            ],
            [
              -1.5929375775649415,
              53.70773517205205
            ],
            [
              -1.592587234604135,
              53.70744272682764
            ],
            [
              -1.5922368916433283,
              53.70732574816875
            ],
            [
              -1.591805700306951,
              53.70728321039396
            ],
            [
              -1.5914194247347795,
              53.707405506380525
            ],
            [
              -1.5913206100535264,
              53.70732574816875
            ],
            [
              -1.5888322767165153,
              53.70693758937973
            ],
            [
              -1.587170393440894,
              53.706879099388765
            ],
            [
              -1.5864786906721222,
              53.706304829705
            ],
            [
              -1.586065465641427,
              53.70506586934136
            ],
            [
              -1.5841969698504583,
              53.70309302884001
            ],
            [
              -1.584448498130012,
              53.70301326245395
            ],
            [
              -1.5850324030646896,
              53.703108982099096
            ],
            [
              -1.5852120661215137,
              53.7030451690265
            ],
            [
              -1.5864697075192808,
              53.7030451690265
            ],
            [
              -1.5882034560176315,
              53.702539978786625
            ],
            [
              -1.5899192382102998,
              53.702290040320314
            ],
            [
              -1.5903594126995184,
              53.702072007680016
            ],
            [
              -1.5912307785251143,
              53.70135940531818
            ],
            [
              -1.5933238531371128,
              53.70051383910171
            ],
            [
              -1.5950216690240986,
              53.699997982186055
            ],
            [
              -1.5953270962206993,
              53.70013625373213
            ],
            [
              -1.595812186474124,
              53.70062020056616
            ],
            [
              -1.5983723850338645,
              53.69977993767117
            ],
            [
              -1.5985250986321649,
              53.69926407176022
            ],
            [
              -1.5995761275145848,
              53.69807808800875
            ],
            [
              -1.6005013922572278,
              53.69741860276571
            ],
            [
              -1.6013727580828239,
              53.69646126709122
            ],
            [
              -1.601893780947613,
              53.69625916010982
            ],
            [
              -1.6021542923800078,
              53.69624852287338
            ],
            [
              -1.602064460851596,
              53.695987909741184
            ],
            [
              -1.6025046353408143,
              53.69551986577933
            ],
            [
              -1.6025315847993378,
              53.69531243554109
            ],
            [
              -1.6022890396726257,
              53.69529116058705
            ],
            [
              -1.6022351407555786,
              53.69518478565564
            ],
            [
              -1.602262090214102,
              53.69439228395545
            ],
            [
              -1.6024148038124024,
              53.69424867466809
            ],
            [
              -1.6023159891311494,
              53.694179529280895
            ],
            [
              -1.6023878543538788,
              53.693668913674934
            ],
            [
              -1.6025585342578614,
              53.69333913780444
            ],
            [
              -1.6019027641004542,
              53.69270085458744
            ],
            [
              -1.6024687027294495,
              53.692323199127244
            ],
            [
              -1.6024956521879732,
              53.6921689445141
            ],
            [
              -1.596917114273591,
              53.691615750908774
            ],
            [
              -1.5969530468849558,
              53.691493409033754
            ],
            [
              -1.595497776124682,
              53.69128063970867
            ],
            [
              -1.5947521744388629,
              53.69146681292692
            ],
            [
              -1.5922997737132165,
              53.691562558832885
            ],
            [
              -1.5921650264205987,
              53.691498728253094
            ],
            [
              -1.5923446894774225,
              53.69095616441766
            ],
            [
              -1.592093161197869,
              53.69016890249791
            ],
            [
              -1.5921201106563927,
              53.689636960434775
            ],
            [
              -1.5919224812938864,
              53.68933375045165
            ],
            [
              -1.5930813080104005,
              53.688961384327115
            ],
            [
              -1.5935394488053014,
              53.6886262519994
            ],
            [
              -1.5942401347269146,
              53.6877804299775
            ],
            [
              -1.5958840516968535,
              53.686785636423146
            ],
            [
              -1.596926097426432,
              53.685753579769056
            ],
            [
              -1.5975010192082686,
              53.68542906188259
            ],
            [
              -1.5978244127105516,
              53.684450173108694
            ],
            [
              -1.5980579746844228,
              53.684498054067134
            ],
            [
              -1.5984532334094352,
              53.684045842844355
            ],
            [
              -1.5987317111475123,
              53.684083083952046
            ],
            [
              -1.5988395089816068,
              53.68370003098567
            ],
            [
              -1.6022261576027372,
              53.683976680699786
            ],
            [
              -1.602756163620368,
              53.68350318296709
            ],
            [
              -1.6027022647033207,
              53.68310416389032
            ],
            [
              -1.6035287147647106,
              53.68238592002494
            ],
            [
              -1.6034927821533458,
              53.682087978234456
            ],
            [
              -1.603879057725517,
              53.68171022757694
            ],
            [
              -1.6041844849221178,
              53.68101324211879
            ],
            [
              -1.6045258447300832,
              53.680592917068736
            ],
            [
              -1.6046965246340659,
              53.67961391587906
            ],
            [
              -1.6050468675948726,
              53.679390445026215
            ],
            [
              -1.6060170481017215,
              53.679177614540286
            ],
            [
              -1.607499268320519,
              53.67908716125809
            ],
            [
              -1.6096821744609293,
              53.678480587170434
            ],
            [
              -1.6108140517189198,
              53.67787400434752
            ],
            [
              -1.6115866028632628,
              53.678022990411534
            ],
            [
              -1.6123591540076057,
              53.677730338715286
            ],
            [
              -1.613760525850832,
              53.677836757749176
            ],
            [
              -1.6141108688116386,
              53.67758667259306
            ],
            [
              -1.6144342623139216,
              53.67771437583703
            ],
            [
              -1.6152517292224704,
              53.67757603063856
            ],
            [
              -1.6157997015457832,
              53.679230822262596
            ],
            [
              -1.6163207244105724,
              53.679752254384255
            ],
            [
              -1.6167249662884264,
              53.67987463037549
            ],
            [
              -1.6172729386117393,
              53.67989591312029
            ],
            [
              -1.6193570300708966,
              53.679486218394054
            ],
            [
              -1.620075682298192,
              53.67949685986592
            ],
            [
              -1.6209739975823116,
              53.679752254384255
            ],
            [
              -1.6220250264647316,
              53.680603558261
            ],
            [
              -1.622186723215873,
              53.68127394795345
            ],
            [
              -1.6214590878357362,
              53.683120124725974
            ],
            [
              -1.6212434921675476,
              53.684801298873005
            ],
            [
              -1.621584851975513,
              53.6855993010857
            ],
            [
              -1.6224831672596325,
              53.68633344976546
            ],
            [
              -1.624019286395477,
              53.68696650972657
            ],
            [
              -1.6254745571557505,
              53.68739209090523
            ],
            [
              -1.6267591480120416,
              53.68753572358219
            ],
            [
              -1.6282952671478859,
              53.687471886897335
            ],
            [
              -1.6292654476547348,
              53.68755168273828
            ],
            [
              -1.63268802888723,
              53.68886031295364
            ],
            [
              -1.6337031251582854,
              53.68899330155254
            ],
            [
              -1.6347541540407051,
              53.6889135084436
            ],
            [
              -1.6348170361105934,
              53.68920076292806
            ],
            [
              -1.6346822888179755,
              53.689355028416436
            ],
            [
              -1.6358411155344899,
              53.68954652961569
            ],
            [
              -1.6350056823202588,
              53.69005719522213
            ],
            [
              -1.6353380589753828,
              53.69063168662595
            ],
            [
              -1.6367843465828151,
              53.68966355769755
            ],
            [
              -1.6375299482686343,
              53.689753988265295
            ],
            [
              -1.638158768967518,
              53.68964759934192
            ],
            [
              -1.63847317931696,
              53.68990825172671
            ],
            [
              -1.6381138532033122,
              53.69007315342253
            ],
            [
              -1.6382306341902477,
              53.690264651355555
            ],
            [
              -1.6381228363561533,
              53.69070083784043
            ],
            [
              -1.6376557124084112,
              53.691248724217175
            ],
            [
              -1.6391379326272084,
              53.69245085768999
            ],
            [
              -1.6368023128884976,
              53.693535939844416
            ],
            [
              -1.636999942251004,
              53.693892308764624
            ],
            [
              -1.6379701227578531,
              53.694519936244056
            ],
            [
              -1.6385360613868483,
              53.69428590675257
            ],
            [
              -1.6394972587408563,
              53.69466886342488
            ],
            [
              -1.6408447316670354,
              53.69492416593763
            ],
            [
              -1.6410064284181771,
              53.69511032304372
            ],
            [
              -1.6411142262522715,
              53.69538157906741
            ],
            [
              -1.639398444059603,
              53.69583898722689
            ],
            [
              -1.639209797849938,
              53.695987909741184
            ],
            [
              -1.6375658808799993,
              53.69659423168139
            ],
            [
              -1.6386528423737838,
              53.69726968531303
            ],
            [
              -1.6398386185488216,
              53.698583331809246
            ],
            [
              -1.6378533417709176,
              53.69906729649944
            ],
            [
              -1.637592830338523,
              53.69874819952648
            ],
            [
              -1.6372335042248751,
              53.6987854276313
            ],
            [
              -1.6367034982072444,
              53.69894497627909
            ],
            [
              -1.636901127569751,
              53.69919493461127
            ],
            [
              -1.6356704356305072,
              53.69956189202662
            ],
            [
              -1.6352482274469708,
              53.69888647517845
            ],
            [
              -1.634287030092963,
              53.69929066294112
            ],
            [
              -1.6330293886951956,
              53.69939702749669
            ],
            [
              -1.6326251468173418,
              53.69890243003214
            ],
            [
              -1.6314932695593514,
              53.698487601870625
            ],
            [
              -1.6306668194979612,
              53.69843441847732
            ],
            [
              -1.6306219037337553,
              53.6982216842321
            ],
            [
              -1.6302176618559017,
              53.698200410748434
            ],
            [
              -1.6300739314104427,
              53.698620560059915
            ],
            [
              -1.6298403694365713,
              53.698620560059915
            ],
            [
              -1.6288252731655164,
              53.70050320294048
            ],
            [
              -1.6281425535495855,
              53.70055638371975
            ],
            [
              -1.627612547531955,
              53.700455340181705
            ],
            [
              -1.6285557785802804,
              53.69937575460707
            ],
            [
              -1.62840306498198,
              53.69906729649944
            ],
            [
              -1.6280886546325384,
              53.699056659972655
            ],
            [
              -1.6281515367024266,
              53.698248276071546
            ],
            [
              -1.6277023790603669,
              53.6982323209699
            ],
            [
              -1.6266244007194235,
              53.698439736819694
            ],
            [
              -1.626786097470565,
              53.69900879556885
            ],
            [
              -1.626741181706359,
              53.699423618593585
            ],
            [
              -1.6253308267102915,
              53.69931725410522
            ],
            [
              -1.6248367533040258,
              53.69966293770966
            ],
            [
              -1.623525212989211,
              53.70060424636362
            ],
            [
              -1.6226358808579329,
              53.70145512872503
            ],
            [
              -1.6221418074516671,
              53.70219963667971
            ],
            [
              -1.6218812960192726,
              53.70338550429546
            ],
            [
              -1.6197702551015916,
              53.70430545929377
            ],
            [
              -1.618548546315189,
              53.7046830072587
            ],
            [
              -1.6178119277822112,
              53.70477872310593
            ],
            [
              -1.616203943423637,
              53.70460324388633
            ],
            [
              -1.6160961455895426,
              53.704815945876604
            ],
            [
              -1.6154044428207706,
              53.704901026371665
            ],
            [
              -1.6152696955281527,
              53.70519348926149
            ],
            [
              -1.6129250926366008,
              53.70548595011863
            ],
            [
              -1.611281175666662,
              53.705459362851975
            ],
            [
              -1.6107062538848256,
              53.70532110879458
            ],
            [
              -1.6092509831245518,
              53.705331743738185
            ],
            [
              -1.6081280890194025,
              53.7058103134192
            ],
            [
              -1.60811012271372,
              53.70549126756996
            ],
            [
              -1.606358407909687,
              53.705517854816435
            ],
            [
              -1.6062775595341163,
              53.70537428348579
            ],
            [
              -1.6057745029750095,
              53.70538491841599
            ],
            [
              -1.6057475535164858,
              53.7055763466996
            ],
            [
              -1.6048582213852076,
              53.70560293389236
            ],
            [
              -1.6038071925027877,
              53.705475315214
            ],
            [
              -1.6042653332976886,
              53.70725130703465
            ],
            [
              -1.6015434379868065,
              53.707017348327305
            ],
            [
              -1.6014985222226006,
              53.70732574816875
            ],
            [
              -1.5995581612089023,
              53.70716623129157
            ],
            [
              -1.598120856754311,
              53.70951106849159
            ],
            [
              -1.5979052610861222,
              53.70960677335667
            ]
          ]
        ]
      }
    },
    {
      "type": "Feature",
      "properties": {
        "WardName": "Heckmondwike",
        "NoCllrs": 3,
        "Number": 16
      },
      "geometry": {
        "type": "Polygon",
        "coordinates": [
          [
            [
              -1.6669677401292313,
              53.72322654525157
            ],
            [
              -1.6658268797183995,
              53.7226790751018
            ],
            [
              -1.666222138443412,
              53.72240267969738
            ],
            [
              -1.664515339403585,
              53.721254556264476
            ],
            [
              -1.6643805921109671,
              53.72105788382821
            ],
            [
              -1.6637068556478773,
              53.71866053236237
            ],
            [
              -1.6605537690006178,
              53.71356770041557
            ],
            [
              -1.6598620662318457,
              53.71103700345914
            ],
            [
              -1.6596195211051337,
              53.7107020468658
            ],
            [
              -1.6598530830790046,
              53.71048937462878
            ],
            [
              -1.6593500265198975,
              53.70998959064002
            ],
            [
              -1.6591164645460266,
              53.71005339318192
            ],
            [
              -1.658397812318731,
              53.70918141673435
            ],
            [
              -1.6589278183363616,
              53.70908571090169
            ],
            [
              -1.6601585102756053,
              53.707405506380525
            ],
            [
              -1.6601315608170817,
              53.706873782112815
            ],
            [
              -1.6604100385551588,
              53.70560293389236
            ],
            [
              -1.657158137226646,
              53.703417410585814
            ],
            [
              -1.660059695594352,
              53.70215177585018
            ],
            [
              -1.6605268195420941,
              53.7018220664344
            ],
            [
              -1.660419021708,
              53.70176356933279
            ],
            [
              -1.662494130014316,
              53.70082228660804
            ],
            [
              -1.6631319338660409,
              53.701035007709095
            ],
            [
              -1.6633565126870706,
              53.700923329265095
            ],
            [
              -1.6632487148529764,
              53.70049256677658
            ],
            [
              -1.6646950024604088,
              53.699880982830685
            ],
            [
              -1.6655663682860047,
              53.699646983144255
            ],
            [
              -1.6651890758666745,
              53.69899815902725
            ],
            [
              -1.6654675536047516,
              53.69895029455691
            ],
            [
              -1.665710098731464,
              53.69928002647079
            ],
            [
              -1.6664197678059183,
              53.698556740181466
            ],
            [
              -1.666913841212184,
              53.69825359443743
            ],
            [
              -1.666913841212184,
              53.69748774283247
            ],
            [
              -1.6673180830900378,
              53.696434674122806
            ],
            [
              -1.6661502732206823,
              53.69374869777164
            ],
            [
              -1.6663209531246652,
              53.693743378836565
            ],
            [
              -1.6664736667229656,
              53.693913584425644
            ],
            [
              -1.6674348640769734,
              53.693780611367956
            ],
            [
              -1.6676953755093682,
              53.6938391195651
            ],
            [
              -1.668252330985522,
              53.693535939844416
            ],
            [
              -1.669024882129865,
              53.69354657776633
            ],
            [
              -1.6697255680514782,
              53.69339764661515
            ],
            [
              -1.6704621865844562,
              53.69349338812997
            ],
            [
              -1.671189821964593,
              53.69341360354939
            ],
            [
              -1.673031368297038,
              53.69388167093009
            ],
            [
              -1.6742081613192346,
              53.69448802320818
            ],
            [
              -1.6755466510925727,
              53.694652906966404
            ],
            [
              -1.675879027747697,
              53.69461567520649
            ],
            [
              -1.6763551348482801,
              53.694727370387454
            ],
            [
              -1.6776666751630946,
              53.694679501060484
            ],
            [
              -1.6781068496523133,
              53.69454653042213
            ],
            [
              -1.6787536366568794,
              53.694599718727865
            ],
            [
              -1.6803616210154533,
              53.694977353766205
            ],
            [
              -1.6835147076627128,
              53.695275204364464
            ],
            [
              -1.6855628665105054,
              53.69504649784293
            ],
            [
              -1.6859850746940415,
              53.69489225320821
            ],
            [
              -1.6865240638645131,
              53.694902890787375
            ],
            [
              -1.6867666089912254,
              53.69478055846471
            ],
            [
              -1.6885991721708293,
              53.69491352836383
            ],
            [
              -1.6896322347475667,
              53.69470609513775
            ],
            [
              -1.6896591842060904,
              53.69461567520649
            ],
            [
              -1.6908539435339691,
              53.69441887821416
            ],
            [
              -1.6920037870976423,
              53.694493342049164
            ],
            [
              -1.6938632997357697,
              53.69369018944885
            ],
            [
              -1.694752631867048,
              53.69350934502792
            ],
            [
              -1.6966750265750639,
              53.69484970286468
            ],
            [
              -1.6977170723046424,
              53.69502522275449
            ],
            [
              -1.6978069038330545,
              53.69555177803294
            ],
            [
              -1.6987052191171739,
              53.696806974152004
            ],
            [
              -1.6972140157455355,
              53.69810467993893
            ],
            [
              -1.6962797678500512,
              53.699301299408766
            ],
            [
              -1.695632980845485,
              53.700396841180385
            ],
            [
              -1.6954084020244553,
              53.701258363708035
            ],
            [
              -1.695111957980696,
              53.70511372685675
            ],
            [
              -1.694851446548301,
              53.705703965071585
            ],
            [
              -1.6938453334300874,
              53.70643244586759
            ],
            [
              -1.6928482034647145,
              53.70693758937973
            ],
            [
              -1.69010834184815,
              53.70753843639755
            ],
            [
              -1.6895603695248373,
              53.707814929487746
            ],
            [
              -1.6875301769827271,
              53.709149514814314
            ],
            [
              -1.6865330470173543,
              53.71021821596736
            ],
            [
              -1.684350140876944,
              53.7113347404144
            ],
            [
              -1.6814665488149203,
              53.714306677741135
            ],
            [
              -1.6795890698711105,
              53.71558257925677
            ],
            [
              -1.6803167052512473,
              53.71601318728358
            ],
            [
              -1.6811701047711607,
              53.716853126057636
            ],
            [
              -1.6808736607274015,
              53.716959446225516
            ],
            [
              -1.6815294308848088,
              53.71778341841446
            ],
            [
              -1.6809275596444486,
              53.717953526791646
            ],
            [
              -1.6812599362995726,
              53.71837879472471
            ],
            [
              -1.6803885704739767,
              53.71862863763021
            ],
            [
              -1.6804784020023888,
              53.71872432175418
            ],
            [
              -1.6803346715569296,
              53.71887316329213
            ],
            [
              -1.6805053514609123,
              53.719059214473845
            ],
            [
              -1.6799933117489643,
              53.719266527678286
            ],
            [
              -1.67966093509384,
              53.71955357504358
            ],
            [
              -1.6791219459233682,
              53.71972899191349
            ],
            [
              -1.6789422828665443,
              53.72017550428091
            ],
            [
              -1.6762742864727094,
              53.72039875868693
            ],
            [
              -1.6755736005510962,
              53.72018081987577
            ],
            [
              -1.6753580048829075,
              53.72007982345838
            ],
            [
              -1.6752052912846074,
              53.719303737632444
            ],
            [
              -1.6741722287078697,
              53.718373478902066
            ],
            [
              -1.6716030469952878,
              53.719511049631606
            ],
            [
              -1.6697525175100019,
              53.72061138082892
            ],
            [
              -1.6685308087235993,
              53.72157879800262
            ],
            [
              -1.6670665548104844,
              53.723253121291044
            ],
            [
              -1.6669677401292313,
              53.72322654525157
            ]
          ]
        ]
      }
    },
    {
      "type": "Feature",
      "properties": {
        "WardName": "Batley West",
        "NoCllrs": 3,
        "Number": 4
      },
      "geometry": {
        "type": "Polygon",
        "coordinates": [
          [
            [
              -1.6608771625029009,
              53.72891343492074
            ],
            [
              -1.6560801588857026,
              53.72690450942383
            ],
            [
              -1.6509238291548565,
              53.72531005578769
            ],
            [
              -1.6495494067701537,
              53.72457658681188
            ],
            [
              -1.6478246414246442,
              53.72344978346114
            ],
            [
              -1.6464951348041474,
              53.72434803951667
            ],
            [
              -1.6472407364899666,
              53.72478918783175
            ],
            [
              -1.6465849663325594,
              53.72517186695881
            ],
            [
              -1.646207673913229,
              53.725698045072
            ],
            [
              -1.646845477764954,
              53.726431494486256
            ],
            [
              -1.644959015668303,
              53.727388148408565
            ],
            [
              -1.644590706401814,
              53.727505071284114
            ],
            [
              -1.644402060192149,
              53.72731905746563
            ],
            [
              -1.6438451047159948,
              53.727499756615
            ],
            [
              -1.6426772948466393,
              53.727388148408565
            ],
            [
              -1.6419945752307086,
              53.72746255391243
            ],
            [
              -1.641734063798314,
              53.72764325244514
            ],
            [
              -1.6406650686102116,
              53.727249966409154
            ],
            [
              -1.6394613261294915,
              53.72699485998638
            ],
            [
              -1.6396499723391567,
              53.72592658502974
            ],
            [
              -1.6395960734221093,
              53.725294110945974
            ],
            [
              -1.638563010845372,
              53.72459784696222
            ],
            [
              -1.6377545270896645,
              53.72314681703238
            ],
            [
              -1.6375389314214757,
              53.723008621094394
            ],
            [
              -1.6390481010987965,
              53.72196682171481
            ],
            [
              -1.64193169316082,
              53.72052101654992
            ],
            [
              -1.642704244305163,
              53.72000540489037
            ],
            [
              -1.6404404897891818,
              53.71900605707735
            ],
            [
              -1.6348978844861644,
              53.71701260620869
            ],
            [
              -1.6375029988101109,
              53.7151838641904
            ],
            [
              -1.638284533107295,
              53.714843624345235
            ],
            [
              -1.640233877273834,
              53.71372719302323
            ],
            [
              -1.6407459169857823,
              53.71303605402278
            ],
            [
              -1.6420125415363909,
              53.70902190689231
            ],
            [
              -1.6419496594665026,
              53.708569959055815
            ],
            [
              -1.64155440074149,
              53.70780961233009
            ],
            [
              -1.6414016871431896,
              53.70678870560645
            ],
            [
              -1.6421023730648028,
              53.70452879793576
            ],
            [
              -1.6424078002614035,
              53.70392790794152
            ],
            [
              -1.6426862779994806,
              53.702720784411405
            ],
            [
              -1.6426233959295922,
              53.70218900094452
            ],
            [
              -1.64275814322221,
              53.70173166178854
            ],
            [
              -1.6421742382875324,
              53.70108286980865
            ],
            [
              -1.6478336245774854,
              53.70057765601262
            ],
            [
              -1.6535289434788032,
              53.69962039218849
            ],
            [
              -1.655397439269772,
              53.6988652020308
            ],
            [
              -1.6576971263971179,
              53.69750901667635
            ],
            [
              -1.6594308748954683,
              53.69691334498408
            ],
            [
              -1.660059695594352,
              53.697588793495036
            ],
            [
              -1.6611915728523428,
              53.699322572336015
            ],
            [
              -1.6624402310972688,
              53.700848876804464
            ],
            [
              -1.660419021708,
              53.70176356933279
            ],
            [
              -1.6605268195420941,
              53.7018220664344
            ],
            [
              -1.660059695594352,
              53.70215177585018
            ],
            [
              -1.657158137226646,
              53.703417410585814
            ],
            [
              -1.660419021708,
              53.70564015593398
            ],
            [
              -1.6601315608170817,
              53.706873782112815
            ],
            [
              -1.6601585102756053,
              53.707405506380525
            ],
            [
              -1.6589278183363616,
              53.70908571090169
            ],
            [
              -1.658397812318731,
              53.70918141673435
            ],
            [
              -1.6591164645460266,
              53.71005339318192
            ],
            [
              -1.6593500265198975,
              53.70998959064002
            ],
            [
              -1.6598530830790046,
              53.71048937462878
            ],
            [
              -1.6596195211051337,
              53.7107020468658
            ],
            [
              -1.6598620662318457,
              53.71103700345914
            ],
            [
              -1.6605537690006178,
              53.71356770041557
            ],
            [
              -1.6637068556478773,
              53.71866053236237
            ],
            [
              -1.6643805921109671,
              53.72105788382821
            ],
            [
              -1.664515339403585,
              53.721254556264476
            ],
            [
              -1.666222138443412,
              53.72240267969738
            ],
            [
              -1.6658268797183995,
              53.7226790751018
            ],
            [
              -1.6670665548104844,
              53.723253121291044
            ],
            [
              -1.6661951889848883,
              53.725065567550615
            ],
            [
              -1.6654136546877043,
              53.72596378909135
            ],
            [
              -1.6633744789927531,
              53.727446609886975
            ],
            [
              -1.661344286450643,
              53.72909944168553
            ],
            [
              -1.6608771625029009,
              53.72891343492074
            ]
          ]
        ]
      }
    },
    {
      "type": "Feature",
      "properties": {
        "WardName": "Batley East",
        "NoCllrs": 3,
        "Number": 3
      },
      "geometry": {
        "type": "Polygon",
        "coordinates": [
          [
            [
              -1.6348439855691173,
              53.7322773729803
            ],
            [
              -1.634242114328757,
              53.73212857888233
            ],
            [
              -1.6336312599355558,
              53.731793790236324
            ],
            [
              -1.6336222767827147,
              53.73149619809047
            ],
            [
              -1.632256837550853,
              53.73082129381064
            ],
            [
              -1.6322658207036942,
              53.730656551750734
            ],
            [
              -1.6319783598127757,
              53.730566209056704
            ],
            [
              -1.6321939554809646,
              53.730337694316994
            ],
            [
              -1.6319334440485698,
              53.73022609364387
            ],
            [
              -1.6320412418826642,
              53.72999757705544
            ],
            [
              -1.6322029386338057,
              53.729986948346685
            ],
            [
              -1.632077174494029,
              53.72967340022942
            ],
            [
              -1.632211921786647,
              53.72946082390457
            ],
            [
              -1.631753780991746,
              53.72913664293972
            ],
            [
              -1.6319334440485698,
              53.728993152206414
            ],
            [
              -1.631852595672999,
              53.72877525793419
            ],
            [
              -1.6317268315332223,
              53.72877525793419
            ],
            [
              -1.631753780991746,
              53.7286370804935
            ],
            [
              -1.6311878423627506,
              53.728307578610035
            ],
            [
              -1.631475303253669,
              53.728238489177954
            ],
            [
              -1.6311788592099095,
              53.72824380375369
            ],
            [
              -1.6309902130002445,
              53.728025905597875
            ],
            [
              -1.6305500385110256,
              53.727908984170675
            ],
            [
              -1.630738684720691,
              53.72778674778552
            ],
            [
              -1.6307566510263733,
              53.72762199383454
            ],
            [
              -1.6304242743712491,
              53.72745192456281
            ],
            [
              -1.630289527078631,
              53.72753695928465
            ],
            [
              -1.6299930830348717,
              53.72716493110687
            ],
            [
              -1.6300559651047601,
              53.72708521035481
            ],
            [
              -1.6304332575240903,
              53.72709052507631
            ],
            [
              -1.6305051227468197,
              53.726920453654856
            ],
            [
              -1.630020032493395,
              53.72673975201582
            ],
            [
              -1.6297415547553182,
              53.726745066780985
            ],
            [
              -1.6292923971132585,
              53.72634645752869
            ],
            [
              -1.6291576498206406,
              53.72634645752869
            ],
            [
              -1.629040868833705,
              53.726202957272825
            ],
            [
              -1.629139683514958,
              53.72604882682283
            ],
            [
              -1.6288701889297224,
              53.7258840660619
            ],
            [
              -1.6281784861609503,
              53.72573524933581
            ],
            [
              -1.628070688326856,
              53.72542166951025
            ],
            [
              -1.6275586486149078,
              53.72528879599741
            ],
            [
              -1.6274867833921782,
              53.72495926787373
            ],
            [
              -1.6266782996364708,
              53.724666942376665
            ],
            [
              -1.6269567773745477,
              53.724294888804884
            ],
            [
              -1.626786097470565,
              53.72407165508168
            ],
            [
              -1.6268669458461358,
              53.72382715964419
            ],
            [
              -1.6265794849552175,
              53.72369428109278
            ],
            [
              -1.6262920240642993,
              53.723821844510205
            ],
            [
              -1.62599558002054,
              53.72373148712949
            ],
            [
              -1.6252589614875619,
              53.72330095811977
            ],
            [
              -1.6253937087801797,
              53.723019251567266
            ],
            [
              -1.6249355679852788,
              53.7224824093274
            ],
            [
              -1.6247379386227725,
              53.72196682171481
            ],
            [
              -1.62494455113812,
              53.721429966039764
            ],
            [
              -1.6229053754431686,
              53.72109509219751
            ],
            [
              -1.6229233417488511,
              53.7200532454135
            ],
            [
              -1.6231928363340868,
              53.72001603612245
            ],
            [
              -1.6235341961420524,
              53.71959610041255
            ],
            [
              -1.6229323249016923,
              53.719415367297444
            ],
            [
              -1.623013173277263,
              53.718968846859816
            ],
            [
              -1.6233724993909109,
              53.71854890069395
            ],
            [
              -1.62268977977498,
              53.71853826909104
            ],
            [
              -1.6217914644908604,
              53.71866584814875
            ],
            [
              -1.621450104682895,
              53.718607374462
            ],
            [
              -1.6205967051629815,
              53.7191017403427
            ],
            [
              -1.6195366931277204,
              53.719314369041896
            ],
            [
              -1.6189887208044076,
              53.71890505783888
            ],
            [
              -1.6181622707430177,
              53.718915689349075
            ],
            [
              -1.6169315788037737,
              53.71928779051328
            ],
            [
              -1.6166531010656968,
              53.7195004182719
            ],
            [
              -1.61637462332762,
              53.71944726143301
            ],
            [
              -1.6156739374060065,
              53.71960673174809
            ],
            [
              -1.6151708808468996,
              53.71957483773343
            ],
            [
              -1.6141647677286857,
              53.71992567056426
            ],
            [
              -1.6137874753093555,
              53.71991503930935
            ],
            [
              -1.6126735643570473,
              53.7204200209495
            ],
            [
              -1.6104726919109544,
              53.72099409797569
            ],
            [
              -1.6101223489501477,
              53.72090905002183
            ],
            [
              -1.6095923429325174,
              53.72110040767616
            ],
            [
              -1.60833470153475,
              53.72115887789685
            ],
            [
              -1.6067177340233347,
              53.72088247250098
            ],
            [
              -1.605756536669327,
              53.72086652598042
            ],
            [
              -1.6054511094727264,
              53.72118545524302
            ],
            [
              -1.6027831130788914,
              53.72040407425357
            ],
            [
              -1.6015793705981713,
              53.71981935789427
            ],
            [
              -1.5996749421958378,
              53.71975025451467
            ],
            [
              -1.5922009590319635,
              53.71853826909104
            ],
            [
              -1.592093161197869,
              53.71846916360653
            ],
            [
              -1.5921740095734398,
              53.71825653063434
            ],
            [
              -1.5907367051188486,
              53.71798010616345
            ],
            [
              -1.5900450023500765,
              53.71788442034638
            ],
            [
              -1.5900360191972354,
              53.717942895038234
            ],
            [
              -1.5897755077648408,
              53.71792694740308
            ],
            [
              -1.5890658386903864,
              53.717485727098946
            ],
            [
              -1.5887065125767386,
              53.717113609991586
            ],
            [
              -1.5880597255721725,
              53.71680528189442
            ],
            [
              -1.5878710793625075,
              53.71657137631302
            ],
            [
              -1.587493786943177,
              53.71650226759689
            ],
            [
              -1.586748185257358,
              53.71664048491562
            ],
            [
              -1.58616428032268,
              53.71653416394152
            ],
            [
              -1.5859756341130151,
              53.71662453678664
            ],
            [
              -1.5851671503573077,
              53.71658200841314
            ],
            [
              -1.5845562959641064,
              53.71620988331058
            ],
            [
              -1.583613064915781,
              53.716114193466396
            ],
            [
              -1.5833256040248624,
              53.71557194690406
            ],
            [
              -1.5833615366362273,
              53.7151838641904
            ],
            [
              -1.5829842442168973,
              53.714854256882056
            ],
            [
              -1.5829842442168973,
              53.71472134997865
            ],
            [
              -1.5833166208720213,
              53.71476919651224
            ],
            [
              -1.5833795029419098,
              53.714599075256665
            ],
            [
              -1.5831369578151975,
              53.71460439155631
            ],
            [
              -1.5829033958413266,
              53.71440768802172
            ],
            [
              -1.5825350865748373,
              53.71434920841517
            ],
            [
              -1.5820949120856187,
              53.713881368635825
            ],
            [
              -1.5814032093168466,
              53.71359428255883
            ],
            [
              -1.5810618495088813,
              53.71316364976982
            ],
            [
              -1.5806216750196627,
              53.71292440742666
            ],
            [
              -1.5809360853691048,
              53.712748962176946
            ],
            [
              -1.580765405465122,
              53.712706429885024
            ],
            [
              -1.5804779445742037,
              53.712828710108425
            ],
            [
              -1.5797772586525904,
              53.71247781807909
            ],
            [
              -1.5797682754997493,
              53.71219072242361
            ],
            [
              -1.5795347135258782,
              53.71219072242361
            ],
            [
              -1.579480814608831,
              53.71205780710476
            ],
            [
              -1.579570646137243,
              53.711797291861714
            ],
            [
              -1.5792203031764362,
              53.71169095864585
            ],
            [
              -1.5791933537179128,
              53.71149955817999
            ],
            [
              -1.5787711455343767,
              53.71124435620426
            ],
            [
              -1.578564533019029,
              53.71085623356542
            ],
            [
              -1.5787262297701705,
              53.71046279052354
            ],
            [
              -1.5786992803116469,
              53.71014909681336
            ],
            [
              -1.5784836846434582,
              53.710117195627085
            ],
            [
              -1.578654364547441,
              53.709904520433625
            ],
            [
              -1.5785735161718701,
              53.70980881624582
            ],
            [
              -1.578277072128111,
              53.709729062589695
            ],
            [
              -1.5780255438485573,
              53.70979818243375
            ],
            [
              -1.5775674030536564,
              53.70950575154825
            ],
            [
              -1.5767948519093138,
              53.70944726512722
            ],
            [
              -1.5764624752541894,
              53.70915483180266
            ],
            [
              -1.5762558627388419,
              53.70915483180266
            ],
            [
              -1.5761121322933829,
              53.70902722389676
            ],
            [
              -1.5757617893325762,
              53.709043174906185
            ],
            [
              -1.5756000925814346,
              53.70879327506412
            ],
            [
              -1.5750790697166452,
              53.70863908080408
            ],
            [
              -1.5739471924586548,
              53.70866566606164
            ],
            [
              -1.5739831250700194,
              53.708394495646345
            ],
            [
              -1.5738483777774015,
              53.70842639813886
            ],
            [
              -1.5738843103887663,
              53.708543373737776
            ],
            [
              -1.5736866810262602,
              53.708564641993554
            ],
            [
              -1.573596849497848,
              53.70846893475791
            ],
            [
              -1.5737854957075132,
              53.708346641862235
            ],
            [
              -1.5737405799433073,
              53.708219031505145
            ],
            [
              -1.573408203288183,
              53.708336007680586
            ],
            [
              -1.5732375233842002,
              53.70807546939083
            ],
            [
              -1.5728871804233937,
              53.70816054329548
            ],
            [
              -1.5729410793404408,
              53.70786810102758
            ],
            [
              -1.5723751407114455,
              53.70778834369265
            ],
            [
              -1.571557673802897,
              53.70743209241755
            ],
            [
              -1.5713241118290258,
              53.70707052087502
            ],
            [
              -1.5712252971477725,
              53.70712369335554
            ],
            [
              -1.5710276677852664,
              53.707033300098686
            ],
            [
              -1.5711174993136783,
              53.706884416664025
            ],
            [
              -1.5708120721170777,
              53.706522840415275
            ],
            [
              -1.5726356521438403,
              53.70596451804586
            ],
            [
              -1.5731656581614708,
              53.705666743086404
            ],
            [
              -1.5746658446859503,
              53.705299838899265
            ],
            [
              -1.5752317833149456,
              53.704975471663765
            ],
            [
              -1.5764624752541894,
              53.70462451413375
            ],
            [
              -1.5784297857264111,
              53.70434800007886
            ],
            [
              -1.5812594788713876,
              53.703523764712294
            ],
            [
              -1.5841969698504583,
              53.70309302884001
            ],
            [
              -1.586065465641427,
              53.70506586934136
            ],
            [
              -1.5864786906721222,
              53.706304829705
            ],
            [
              -1.587170393440894,
              53.706879099388765
            ],
            [
              -1.5888322767165153,
              53.70693758937973
            ],
            [
              -1.5913206100535264,
              53.70732574816875
            ],
            [
              -1.5914194247347795,
              53.707405506380525
            ],
            [
              -1.591805700306951,
              53.70728321039396
            ],
            [
              -1.5922368916433283,
              53.70732574816875
            ],
            [
              -1.592587234604135,
              53.70744272682764
            ],
            [
              -1.5929375775649415,
              53.70773517205205
            ],
            [
              -1.5931352069274478,
              53.70815522618148
            ],
            [
              -1.5946264102990861,
              53.708867713470156
            ],
            [
              -1.5957313380985532,
              53.709309024172555
            ],
            [
              -1.596782366980973,
              53.7092824393215
            ],
            [
              -1.596827282745179,
              53.709489800714216
            ],
            [
              -1.5979501768503284,
              53.70961740721711
            ],
            [
              -1.5995581612089023,
              53.70716623129157
            ],
            [
              -1.6014985222226006,
              53.70732574816875
            ],
            [
              -1.6015434379868065,
              53.707017348327305
            ],
            [
              -1.6042653332976886,
              53.70725130703465
            ],
            [
              -1.6038071925027877,
              53.705475315214
            ],
            [
              -1.6048582213852076,
              53.70560293389236
            ],
            [
              -1.6057475535164858,
              53.7055763466996
            ],
            [
              -1.6057745029750095,
              53.70538491841599
            ],
            [
              -1.6062775595341163,
              53.70537428348579
            ],
            [
              -1.606358407909687,
              53.705517854816435
            ],
            [
              -1.60811012271372,
              53.70549126756996
            ],
            [
              -1.6081280890194025,
              53.7058103134192
            ],
            [
              -1.6092509831245518,
              53.705331743738185
            ],
            [
              -1.6107062538848256,
              53.70532110879458
            ],
            [
              -1.611281175666662,
              53.705459362851975
            ],
            [
              -1.6129250926366008,
              53.70548595011863
            ],
            [
              -1.6152696955281527,
              53.70519348926149
            ],
            [
              -1.6154044428207706,
              53.704901026371665
            ],
            [
              -1.6160961455895426,
              53.704815945876604
            ],
            [
              -1.616203943423637,
              53.70460324388633
            ],
            [
              -1.6178119277822112,
              53.70477872310593
            ],
            [
              -1.618548546315189,
              53.7046830072587
            ],
            [
              -1.6197702551015916,
              53.70430545929377
            ],
            [
              -1.6218812960192726,
              53.70338550429546
            ],
            [
              -1.6221418074516671,
              53.70219963667971
            ],
            [
              -1.6226358808579329,
              53.70145512872503
            ],
            [
              -1.623525212989211,
              53.70060424636362
            ],
            [
              -1.6248367533040258,
              53.69966293770966
            ],
            [
              -1.6253308267102915,
              53.69931725410522
            ],
            [
              -1.626741181706359,
              53.699423618593585
            ],
            [
              -1.626786097470565,
              53.69900879556885
            ],
            [
              -1.6266244007194235,
              53.698439736819694
            ],
            [
              -1.6277023790603669,
              53.6982323209699
            ],
            [
              -1.6281515367024266,
              53.698248276071546
            ],
            [
              -1.6280886546325384,
              53.699056659972655
            ],
            [
              -1.62840306498198,
              53.69906729649944
            ],
            [
              -1.6285557785802804,
              53.69937575460707
            ],
            [
              -1.627612547531955,
              53.700455340181705
            ],
            [
              -1.6281425535495855,
              53.70055638371975
            ],
            [
              -1.6288252731655164,
              53.70050320294048
            ],
            [
              -1.6298403694365713,
              53.698620560059915
            ],
            [
              -1.6300739314104427,
              53.698620560059915
            ],
            [
              -1.6302176618559017,
              53.698200410748434
            ],
            [
              -1.6306219037337553,
              53.6982216842321
            ],
            [
              -1.6306668194979612,
              53.69843441847732
            ],
            [
              -1.6314932695593514,
              53.698487601870625
            ],
            [
              -1.6326251468173418,
              53.69890243003214
            ],
            [
              -1.6330293886951956,
              53.69939702749669
            ],
            [
              -1.634287030092963,
              53.69929066294112
            ],
            [
              -1.6352482274469708,
              53.69888647517845
            ],
            [
              -1.6356704356305072,
              53.69956189202662
            ],
            [
              -1.636901127569751,
              53.69919493461127
            ],
            [
              -1.6367034982072444,
              53.69894497627909
            ],
            [
              -1.6372335042248751,
              53.6987854276313
            ],
            [
              -1.637592830338523,
              53.69874819952648
            ],
            [
              -1.6378533417709176,
              53.69906729649944
            ],
            [
              -1.6398386185488216,
              53.698583331809246
            ],
            [
              -1.64275814322221,
              53.70173166178854
            ],
            [
              -1.642425766567086,
              53.70386941376698
            ],
            [
              -1.6414016871431896,
              53.70678870560645
            ],
            [
              -1.6415903333528545,
              53.707926589643755
            ],
            [
              -1.6419855920778672,
              53.70869756834856
            ],
            [
              -1.6419945752307086,
              53.70915483180266
            ],
            [
              -1.6407459169857823,
              53.71303605402278
            ],
            [
              -1.640233877273834,
              53.71372719302323
            ],
            [
              -1.638284533107295,
              53.714843624345235
            ],
            [
              -1.6375029988101109,
              53.7151838641904
            ],
            [
              -1.6348978844861644,
              53.71701260620869
            ],
            [
              -1.6404404897891818,
              53.71900605707735
            ],
            [
              -1.642704244305163,
              53.72000540489037
            ],
            [
              -1.64193169316082,
              53.72052101654992
            ],
            [
              -1.6390481010987965,
              53.72196682171481
            ],
            [
              -1.6375389314214757,
              53.723008621094394
            ],
            [
              -1.6377545270896645,
              53.72314681703238
            ],
            [
              -1.638563010845372,
              53.72459784696222
            ],
            [
              -1.6395960734221093,
              53.725294110945974
            ],
            [
              -1.6396499723391567,
              53.72592658502974
            ],
            [
              -1.639488275588015,
              53.72694171262015
            ],
            [
              -1.6382575836487714,
              53.726755696309304
            ],
            [
              -1.6382216510374064,
              53.72683541768616
            ],
            [
              -1.6377185944782997,
              53.72682478817799
            ],
            [
              -1.638374364635707,
              53.727829264829374
            ],
            [
              -1.6372245210720338,
              53.72828632033535
            ],
            [
              -1.6374760493515872,
              53.72849358805524
            ],
            [
              -1.6368831612640686,
              53.72873805636021
            ],
            [
              -1.6363801047049615,
              53.728174714216784
            ],
            [
              -1.6360567112026785,
              53.72825974747684
            ],
            [
              -1.6364789193862146,
              53.72870616927061
            ],
            [
              -1.6355895872549364,
              53.72897189427836
            ],
            [
              -1.636586717220309,
              53.73056089477455
            ],
            [
              -1.635948913368584,
              53.731049805921735
            ],
            [
              -1.635805182923125,
              53.73145899892409
            ],
            [
              -1.6358411155344899,
              53.73186287382605
            ],
            [
              -1.6355626377964128,
              53.73199041246265
            ],
            [
              -1.6357692503117602,
              53.732224232291486
            ],
            [
              -1.6348439855691173,
              53.7322773729803
            ]
          ]
        ]
      }
    },
    {
      "type": "Feature",
      "properties": {
        "WardName": "Liversedge & Gomersal",
        "NoCllrs": 3,
        "Number": 21
      },
      "geometry": {
        "type": "Polygon",
        "coordinates": [
          [
            [
              -1.6915097136913764,
              53.741735345458295
            ],
            [
              -1.6882667955157051,
              53.74126249737999
            ],
            [
              -1.6854011697593636,
              53.741103109188344
            ],
            [
              -1.6824457124746106,
              53.74117217747894
            ],
            [
              -1.6798585644563462,
              53.74144844950621
            ],
            [
              -1.6793734742029218,
              53.74063025399621
            ],
            [
              -1.6792477100631449,
              53.740295533059886
            ],
            [
              -1.6794183899671278,
              53.74026365473643
            ],
            [
              -1.679337541591557,
              53.74012020198167
            ],
            [
              -1.6790770301591622,
              53.74017333268868
            ],
            [
              -1.678924316560862,
              53.7399236177817
            ],
            [
              -1.6779002371369658,
              53.74008301044679
            ],
            [
              -1.6776487088574124,
              53.73993424397817
            ],
            [
              -1.6788075355739265,
              53.73921696968554
            ],
            [
              -1.679014148089274,
              53.73903100768544
            ],
            [
              -1.679112962770527,
              53.738685647502216
            ],
            [
              -1.680433486238183,
              53.737883338276255
            ],
            [
              -1.680756879740466,
              53.73749014803046
            ],
            [
              -1.6795351709540634,
              53.737410446856614
            ],
            [
              -1.6794902551898574,
              53.73705975989613
            ],
            [
              -1.678969232325068,
              53.73705975989613
            ],
            [
              -1.6786817714341498,
              53.7367568915301
            ],
            [
              -1.6792477100631449,
              53.73650715632342
            ],
            [
              -1.6789063502551798,
              53.736363690746416
            ],
            [
              -1.679202794298939,
              53.73564104187616
            ],
            [
              -1.6793465247443984,
              53.7344560833844
            ],
            [
              -1.677397180577859,
              53.73481741955868
            ],
            [
              -1.6773342985079704,
              53.734716458293285
            ],
            [
              -1.6776666751630946,
              53.73447733853947
            ],
            [
              -1.677172601756829,
              53.734248845059355
            ],
            [
              -1.6769749723943226,
              53.73378122662346
            ],
            [
              -1.6762653033198682,
              53.733834365344066
            ],
            [
              -1.6759149603590617,
              53.733701518416616
            ],
            [
              -1.6756454657738258,
              53.733813109863895
            ],
            [
              -1.675609533162461,
              53.73330828905079
            ],
            [
              -1.6752771565073368,
              53.73330297511524
            ],
            [
              -1.6752951228130193,
              53.732920369991035
            ],
            [
              -1.6745495211272001,
              53.732915056006455
            ],
            [
              -1.6746034200442472,
              53.73246336486215
            ],
            [
              -1.6734176438692094,
              53.731687507568914
            ],
            [
              -1.6732289976595442,
              53.731692821708656
            ],
            [
              -1.672348648681107,
              53.73111357652176
            ],
            [
              -1.672204918235648,
              53.731118890734045
            ],
            [
              -1.6710640578248164,
              53.73045460899017
            ],
            [
              -1.670776596933898,
              53.73038552308622
            ],
            [
              -1.670776596933898,
              53.73007197794155
            ],
            [
              -1.6712167714231165,
              53.72968934341045
            ],
            [
              -1.6713964344799404,
              53.72929607651349
            ],
            [
              -1.6721869519299657,
              53.72838729704444
            ],
            [
              -1.6726450927248666,
              53.72755821793825
            ],
            [
              -1.6726540758777078,
              53.72668128955454
            ],
            [
              -1.6730673009084027,
              53.72575650890035
            ],
            [
              -1.6705789675713918,
              53.72400787380026
            ],
            [
              -1.6693662419378303,
              53.72335411008785
            ],
            [
              -1.6709921926020865,
              53.72209970572477
            ],
            [
              -1.6701298099293318,
              53.72169042162909
            ],
            [
              -1.6707226980168508,
              53.721451227780975
            ],
            [
              -1.6711538893532283,
              53.72139275796674
            ],
            [
              -1.6696626859815897,
              53.72067516726192
            ],
            [
              -1.6716030469952878,
              53.719511049631606
            ],
            [
              -1.6741722287078697,
              53.718373478902066
            ],
            [
              -1.6752052912846074,
              53.719303737632444
            ],
            [
              -1.6753580048829075,
              53.72007982345838
            ],
            [
              -1.6755736005510962,
              53.72018081987577
            ],
            [
              -1.6762742864727094,
              53.72039875868693
            ],
            [
              -1.6789422828665443,
              53.72017550428091
            ],
            [
              -1.6791219459233682,
              53.71972899191349
            ],
            [
              -1.67966093509384,
              53.71955357504358
            ],
            [
              -1.6799933117489643,
              53.719266527678286
            ],
            [
              -1.6805053514609123,
              53.719059214473845
            ],
            [
              -1.6803346715569296,
              53.71887316329213
            ],
            [
              -1.6804784020023888,
              53.71872432175418
            ],
            [
              -1.6803885704739767,
              53.71862863763021
            ],
            [
              -1.6812599362995726,
              53.71837879472471
            ],
            [
              -1.6809275596444486,
              53.717953526791646
            ],
            [
              -1.6815294308848088,
              53.71778341841446
            ],
            [
              -1.6808736607274015,
              53.716959446225516
            ],
            [
              -1.6811701047711607,
              53.716853126057636
            ],
            [
              -1.6803167052512473,
              53.71601318728358
            ],
            [
              -1.6795890698711105,
              53.71558257925677
            ],
            [
              -1.6814665488149203,
              53.714306677741135
            ],
            [
              -1.684350140876944,
              53.7113347404144
            ],
            [
              -1.6865330470173543,
              53.71021821596736
            ],
            [
              -1.6875301769827271,
              53.709149514814314
            ],
            [
              -1.6895603695248373,
              53.707814929487746
            ],
            [
              -1.69010834184815,
              53.70753843639755
            ],
            [
              -1.6928482034647145,
              53.70693758937973
            ],
            [
              -1.6938453334300874,
              53.70643244586759
            ],
            [
              -1.694851446548301,
              53.705703965071585
            ],
            [
              -1.695111957980696,
              53.70511372685675
            ],
            [
              -1.6954084020244553,
              53.701258363708035
            ],
            [
              -1.695623997692644,
              53.70041811355391
            ],
            [
              -1.6968367233262052,
              53.698572695160166
            ],
            [
              -1.6980224995012432,
              53.69731755169456
            ],
            [
              -1.7045352853111095,
              53.692535963183445
            ],
            [
              -1.7064037811020782,
              53.69159447408649
            ],
            [
              -1.7073919279146097,
              53.6913178744182
            ],
            [
              -1.7134645392352577,
              53.69014762494441
            ],
            [
              -1.7150186246767845,
              53.689610363155204
            ],
            [
              -1.721351747429827,
              53.6869133117768
            ],
            [
              -1.7232202432207957,
              53.68656752346509
            ],
            [
              -1.7270380831783034,
              53.686131294159594
            ],
            [
              -1.72701113371978,
              53.685918497736566
            ],
            [
              -1.7256546776407595,
              53.684992820783215
            ],
            [
              -1.724343137325945,
              53.684492733963346
            ],
            [
              -1.7272267293879688,
              53.6828115474979
            ],
            [
              -1.7321854297563084,
              53.68458317563662
            ],
            [
              -1.7317003395028838,
              53.685296062026254
            ],
            [
              -1.731152367179571,
              53.68555142137939
            ],
            [
              -1.7317003395028838,
              53.685929137583244
            ],
            [
              -1.7340179929359123,
              53.68808365114661
            ],
            [
              -1.73482647669162,
              53.68832835435763
            ],
            [
              -1.7346468136347961,
              53.6887007260805
            ],
            [
              -1.7355271626132331,
              53.689684835495676
            ],
            [
              -1.7342605380626246,
              53.69257319678274
            ],
            [
              -1.7339730771717063,
              53.69358912942704
            ],
            [
              -1.733236458638728,
              53.69480715247815
            ],
            [
              -1.733721548892153,
              53.695360304148316
            ],
            [
              -1.7362637811462112,
              53.69716331538143
            ],
            [
              -1.7372968437229486,
              53.69818445562864
            ],
            [
              -1.7380334622559264,
              53.69817913725403
            ],
            [
              -1.7385634682735571,
              53.69837059831667
            ],
            [
              -1.7392461878894878,
              53.69897156766158
            ],
            [
              -1.7395426319332474,
              53.69945552788768
            ],
            [
              -1.739255171042329,
              53.70000330033083
            ],
            [
              -1.7369554839149832,
              53.70227940460798
            ],
            [
              -1.7387521144832223,
              53.70233790099259
            ],
            [
              -1.7388239797059517,
              53.70288563592173
            ],
            [
              -1.7386443166491277,
              53.704103389977256
            ],
            [
              -1.7395965308502945,
              53.7040661665763
            ],
            [
              -1.7395875476974534,
              53.70462983169393
            ],
            [
              -1.7392821205008526,
              53.70479999326462
            ],
            [
              -1.7385275356621923,
              53.70562420363444
            ],
            [
              -1.7377909171292143,
              53.70662918669331
            ],
            [
              -1.737602270919549,
              53.70711837611051
            ],
            [
              -1.7367937871638417,
              53.70811268924527
            ],
            [
              -1.7358595392683573,
              53.70899532185983
            ],
            [
              -1.7357876740456277,
              53.70933029204132
            ],
            [
              -1.7360392023251814,
              53.71029265185237
            ],
            [
              -1.7388239797059517,
              53.712158822785376
            ],
            [
              -1.7376561698365964,
              53.71252566716453
            ],
            [
              -1.7377549845178495,
              53.713020104527196
            ],
            [
              -1.7358685224211985,
              53.7132433969152
            ],
            [
              -1.7368207366223654,
              53.714131238256236
            ],
            [
              -1.7344761337308132,
              53.71466818709972
            ],
            [
              -1.7346288473291134,
              53.71504032584131
            ],
            [
              -1.7360212360194989,
              53.71574738038034
            ],
            [
              -1.7362188653820052,
              53.71633215335028
            ],
            [
              -1.7348444429973022,
              53.71620988331058
            ],
            [
              -1.733182559721681,
              53.71649695153708
            ],
            [
              -1.7324639074943855,
              53.71652353182934
            ],
            [
              -1.729355736611332,
              53.716326837269
            ],
            [
              -1.7284214887158476,
              53.716177986720055
            ],
            [
              -1.7254300988197298,
              53.71479577789629
            ],
            [
              -1.7246844971339104,
              53.714099340089454
            ],
            [
              -1.7234268557361432,
              53.713562383984915
            ],
            [
              -1.7220793828099639,
              53.71263199827064
            ],
            [
              -1.7207947919536728,
              53.71242996893925
            ],
            [
              -1.7201390217962655,
              53.71277022830678
            ],
            [
              -1.7201390217962655,
              53.71331782744779
            ],
            [
              -1.7193574874990816,
              53.713254029856486
            ],
            [
              -1.718827481481451,
              53.71336035912159
            ],
            [
              -1.7183693406865503,
              53.71471603369379
            ],
            [
              -1.7178393346689198,
              53.71488615447638
            ],
            [
              -1.715225237192132,
              53.715242342636635
            ],
            [
              -1.7152881192620202,
              53.71562510864079
            ],
            [
              -1.714641332257454,
              53.716018503404506
            ],
            [
              -1.7140035284057293,
              53.71610356124806
            ],
            [
              -1.7134555560824165,
              53.71603445176325
            ],
            [
              -1.7126650386323912,
              53.71643315876717
            ],
            [
              -1.7127728364664856,
              53.71672554150144
            ],
            [
              -1.7095568677493378,
              53.71756015012532
            ],
            [
              -1.7086765187709008,
              53.71707108211257
            ],
            [
              -1.7074278605259745,
              53.717432567713736
            ],
            [
              -1.705433600595229,
              53.71754420234506
            ],
            [
              -1.705011392411693,
              53.71763457302006
            ],
            [
              -1.7050024092588516,
              53.717708995783084
            ],
            [
              -1.7030530650923124,
              53.717974790290434
            ],
            [
              -1.7022535644894459,
              53.717900367997665
            ],
            [
              -1.7003850686984774,
              53.71744319959615
            ],
            [
              -1.7000706583490355,
              53.71763988893607
            ],
            [
              -1.7012474513712321,
              53.718426637098084
            ],
            [
              -1.6993430229688988,
              53.71944726143301
            ],
            [
              -1.6996664164711817,
              53.719787464040884
            ],
            [
              -1.699495736567199,
              53.71985656735934
            ],
            [
              -1.7009060915632668,
              53.7211535624256
            ],
            [
              -1.7022535644894459,
              53.72272691258353
            ],
            [
              -1.7035201890400546,
              53.723497620066134
            ],
            [
              -1.7038974814593848,
              53.72424705310681
            ],
            [
              -1.7033854417474366,
              53.72453938152288
            ],
            [
              -1.7047329146736159,
              53.725575802259115
            ],
            [
              -1.7049574934946456,
              53.72556517243251
            ],
            [
              -1.7048946114247574,
              53.7258840660619
            ],
            [
              -1.705972589765701,
              53.72695765683708
            ],
            [
              -1.7065924273117432,
              53.72805779320341
            ],
            [
              -1.7066103936174257,
              53.72880183046688
            ],
            [
              -1.7063858147963957,
              53.7294183085106
            ],
            [
              -1.7066822588401553,
              53.72942362293718
            ],
            [
              -1.7064936126304902,
              53.729880661111316
            ],
            [
              -1.7064756463248076,
              53.730885064757295
            ],
            [
              -1.7062241180452542,
              53.731804418488274
            ],
            [
              -1.7058647919316063,
              53.731894758521456
            ],
            [
              -1.7053527522196583,
              53.73246336486215
            ],
            [
              -1.7041310434332557,
              53.733313602985646
            ],
            [
              -1.703690868944037,
              53.73321795205524
            ],
            [
              -1.7034573069701662,
              53.73331891691985
            ],
            [
              -1.703583071109943,
              53.73344645113902
            ],
            [
              -1.7034662901230073,
              53.733616496162725
            ],
            [
              -1.7024242443934285,
              53.73414256859886
            ],
            [
              -1.7012744008297558,
              53.734546417719166
            ],
            [
              -1.6984626739904618,
              53.73516812522802
            ],
            [
              -1.6975733418591832,
              53.735083105940525
            ],
            [
              -1.6973038472739475,
              53.73517343892778
            ],
            [
              -1.6968367233262052,
              53.73473771331668
            ],
            [
              -1.6953006041903609,
              53.73521594850168
            ],
            [
              -1.691806157735136,
              53.736082071708275
            ],
            [
              -1.6919229387220716,
              53.736225538246515
            ],
            [
              -1.6914558147743293,
              53.73635306364717
            ],
            [
              -1.6920846354732129,
              53.73709695410639
            ],
            [
              -1.6917702251237712,
              53.73717134242821
            ],
            [
              -1.691806157735136,
              53.737251044055476
            ],
            [
              -1.691994803944801,
              53.737320118676884
            ],
            [
              -1.6922553153771958,
              53.73728292466407
            ],
            [
              -1.6927943045476674,
              53.73780895121457
            ],
            [
              -1.6930188833686974,
              53.738090558682416
            ],
            [
              -1.692399045822655,
              53.738366850968056
            ],
            [
              -1.6930907485914268,
              53.739126645388254
            ],
            [
              -1.6932165127312035,
              53.73908413976943
            ],
            [
              -1.693423125246551,
              53.739238222433166
            ],
            [
              -1.6928122708533497,
              53.739429496678085
            ],
            [
              -1.6937644850545166,
              53.74046555037659
            ],
            [
              -1.694519069893177,
              53.740088323525214
            ],
            [
              -1.6952287389676315,
              53.74124124565603
            ],
            [
              -1.694896362312507,
              53.74132625248738
            ],
            [
              -1.6933422768709803,
              53.74214443444679
            ],
            [
              -1.6915097136913764,
              53.741735345458295
            ]
          ]
        ]
      }
    },
    {
      "type": "Feature",
      "properties": {
        "WardName": "Cleckheaton",
        "NoCllrs": 3,
        "Number": 6
      },
      "geometry": {
        "type": "Polygon",
        "coordinates": [
          [
            [
              -1.7296970964192973,
              53.751393032917726
            ],
            [
              -1.7279004658510584,
              53.75004385245441
            ],
            [
              -1.727280628305016,
              53.75072375983609
            ],
            [
              -1.726328414103849,
              53.75003854063467
            ],
            [
              -1.72701113371978,
              53.74918864082593
            ],
            [
              -1.7247383960509577,
              53.7482962275221
            ],
            [
              -1.723651434557173,
              53.74907709019962
            ],
            [
              -1.7225644730633884,
              53.74964015224012
            ],
            [
              -1.7223488773951998,
              53.74937986978197
            ],
            [
              -1.7221961637968992,
              53.74945954825672
            ],
            [
              -1.7220075175872342,
              53.749363934068874
            ],
            [
              -1.7216481914735866,
              53.749645464110216
            ],
            [
              -1.7206510615082138,
              53.74939049358733
            ],
            [
              -1.7200491902678536,
              53.74939049358733
            ],
            [
              -1.7198425777525064,
              53.749581721624565
            ],
            [
              -1.7195461337087468,
              53.74953391469687
            ],
            [
              -1.719276639123511,
              53.749167393110405
            ],
            [
              -1.719923426128077,
              53.74874243654352
            ],
            [
              -1.7192407065121462,
              53.74858838872651
            ],
            [
              -1.717749503140508,
              53.747977503891036
            ],
            [
              -1.7193574874990816,
              53.74709037705406
            ],
            [
              -1.7201300386434244,
              53.74642634770303
            ],
            [
              -1.7163571144501226,
              53.74486982177442
            ],
            [
              -1.7159079568080626,
              53.74498669603064
            ],
            [
              -1.7158001589739684,
              53.74452982208971
            ],
            [
              -1.713392674012528,
              53.7452363808526
            ],
            [
              -1.7107246776186933,
              53.74568793474132
            ],
            [
              -1.7081195632947466,
              53.74583668084209
            ],
            [
              -1.7053078364554524,
              53.74569324711112
            ],
            [
              -1.7033405259832306,
              53.745406378180256
            ],
            [
              -1.7011755861485027,
              53.744880446720224
            ],
            [
              -1.6955611156227555,
              53.742819156934694
            ],
            [
              -1.6933422768709803,
              53.74214443444679
            ],
            [
              -1.694896362312507,
              53.74132625248738
            ],
            [
              -1.6952287389676315,
              53.74124124565603
            ],
            [
              -1.694519069893177,
              53.740088323525214
            ],
            [
              -1.6937644850545166,
              53.74046555037659
            ],
            [
              -1.6930368496743797,
              53.739732345785605
            ],
            [
              -1.6928122708533497,
              53.739429496678085
            ],
            [
              -1.693423125246551,
              53.739238222433166
            ],
            [
              -1.6932165127312035,
              53.73908413976943
            ],
            [
              -1.6930907485914268,
              53.739126645388254
            ],
            [
              -1.692399045822655,
              53.738366850968056
            ],
            [
              -1.6930188833686974,
              53.738090558682416
            ],
            [
              -1.6922553153771958,
              53.73728292466407
            ],
            [
              -1.691994803944801,
              53.737320118676884
            ],
            [
              -1.691806157735136,
              53.737251044055476
            ],
            [
              -1.6917702251237712,
              53.73717134242821
            ],
            [
              -1.6920846354732129,
              53.73709695410639
            ],
            [
              -1.6914558147743293,
              53.73635306364717
            ],
            [
              -1.6919229387220716,
              53.736225538246515
            ],
            [
              -1.691806157735136,
              53.736082071708275
            ],
            [
              -1.6953006041903609,
              53.73521594850168
            ],
            [
              -1.6968367233262052,
              53.73473771331668
            ],
            [
              -1.6973038472739475,
              53.73517343892778
            ],
            [
              -1.6975733418591832,
              53.735083105940525
            ],
            [
              -1.6984626739904618,
              53.73516812522802
            ],
            [
              -1.7013282997468029,
              53.73453579016045
            ],
            [
              -1.7024242443934285,
              53.73414256859886
            ],
            [
              -1.7034662901230073,
              53.733616496162725
            ],
            [
              -1.703583071109943,
              53.73344645113902
            ],
            [
              -1.7034573069701662,
              53.73331891691985
            ],
            [
              -1.7036729026383548,
              53.73322326600153
            ],
            [
              -1.7041310434332557,
              53.733313602985646
            ],
            [
              -1.7053527522196583,
              53.73246336486215
            ],
            [
              -1.7058647919316063,
              53.731894758521456
            ],
            [
              -1.7062241180452542,
              53.731804418488274
            ],
            [
              -1.7064756463248076,
              53.730885064757295
            ],
            [
              -1.7064936126304902,
              53.729880661111316
            ],
            [
              -1.7066822588401553,
              53.72942362293718
            ],
            [
              -1.7063858147963957,
              53.7294183085106
            ],
            [
              -1.7066103936174257,
              53.72880183046688
            ],
            [
              -1.7065924273117432,
              53.72805779320341
            ],
            [
              -1.705972589765701,
              53.72695765683708
            ],
            [
              -1.7048946114247574,
              53.7258840660619
            ],
            [
              -1.7049574934946456,
              53.72556517243251
            ],
            [
              -1.7047329146736159,
              53.725575802259115
            ],
            [
              -1.7033854417474366,
              53.72453938152288
            ],
            [
              -1.7038974814593848,
              53.72424705310681
            ],
            [
              -1.7035201890400546,
              53.723497620066134
            ],
            [
              -1.7022535644894459,
              53.72272691258353
            ],
            [
              -1.7009060915632668,
              53.7211535624256
            ],
            [
              -1.699495736567199,
              53.71985656735934
            ],
            [
              -1.6996664164711817,
              53.719787464040884
            ],
            [
              -1.6993430229688988,
              53.71944726143301
            ],
            [
              -1.7012474513712321,
              53.718426637098084
            ],
            [
              -1.7000706583490355,
              53.71763988893607
            ],
            [
              -1.7003850686984774,
              53.71744319959615
            ],
            [
              -1.7022535644894459,
              53.717900367997665
            ],
            [
              -1.7030530650923124,
              53.717974790290434
            ],
            [
              -1.7050024092588516,
              53.717708995783084
            ],
            [
              -1.705011392411693,
              53.71763457302006
            ],
            [
              -1.705433600595229,
              53.71754420234506
            ],
            [
              -1.7074278605259745,
              53.717432567713736
            ],
            [
              -1.7086765187709008,
              53.71707108211257
            ],
            [
              -1.7095568677493378,
              53.71756015012532
            ],
            [
              -1.7127728364664856,
              53.71672554150144
            ],
            [
              -1.7126650386323912,
              53.71643315876717
            ],
            [
              -1.7134555560824165,
              53.71603445176325
            ],
            [
              -1.7140035284057293,
              53.71610356124806
            ],
            [
              -1.714641332257454,
              53.716018503404506
            ],
            [
              -1.7152881192620202,
              53.71562510864079
            ],
            [
              -1.715225237192132,
              53.715242342636635
            ],
            [
              -1.7178393346689198,
              53.71488615447638
            ],
            [
              -1.7183693406865503,
              53.71471603369379
            ],
            [
              -1.718827481481451,
              53.71336035912159
            ],
            [
              -1.7193574874990816,
              53.713254029856486
            ],
            [
              -1.7201390217962655,
              53.71331782744779
            ],
            [
              -1.7201390217962655,
              53.71277022830678
            ],
            [
              -1.7207947919536728,
              53.71242996893925
            ],
            [
              -1.7220793828099639,
              53.71263199827064
            ],
            [
              -1.7234268557361432,
              53.713562383984915
            ],
            [
              -1.7246844971339104,
              53.714099340089454
            ],
            [
              -1.7252234863043823,
              53.714652238222925
            ],
            [
              -1.7258343406975836,
              53.71501374461181
            ],
            [
              -1.7281699604362941,
              53.71608761291547
            ],
            [
              -1.728987427344843,
              53.71628430859447
            ],
            [
              -1.732535772717115,
              53.71652353182934
            ],
            [
              -1.733182559721681,
              53.71649695153708
            ],
            [
              -1.7348444429973022,
              53.71620988331058
            ],
            [
              -1.7362188653820052,
              53.71633215335028
            ],
            [
              -1.7360212360194989,
              53.71574738038034
            ],
            [
              -1.7346288473291134,
              53.71504032584131
            ],
            [
              -1.7344761337308132,
              53.71466818709972
            ],
            [
              -1.7368207366223654,
              53.714131238256236
            ],
            [
              -1.7409799363878387,
              53.716661749078206
            ],
            [
              -1.7411955320560273,
              53.71691691819063
            ],
            [
              -1.743989292589639,
              53.71561447629883
            ],
            [
              -1.7443396355504457,
              53.715859019484284
            ],
            [
              -1.7446270964413637,
              53.71589091631668
            ],
            [
              -1.7445282817601107,
              53.716353417668735
            ],
            [
              -1.7448426921095523,
              53.71685844207243
            ],
            [
              -1.7449684562493293,
              53.71826184647176
            ],
            [
              -1.7463069460226675,
              53.71878811104923
            ],
            [
              -1.7464057607039205,
              53.718692427070366
            ],
            [
              -1.747816115699988,
              53.718931636609355
            ],
            [
              -1.7482473070363653,
              53.719239949119434
            ],
            [
              -1.7480586608267004,
              53.719468524176634
            ],
            [
              -1.7510320844171359,
              53.719718360608866
            ],
            [
              -1.7535832998240355,
              53.72035623412953
            ],
            [
              -1.754391783579743,
              53.72068579832467
            ],
            [
              -1.755406879850798,
              53.72073363807381
            ],
            [
              -1.7553978966979569,
              53.721972137083256
            ],
            [
              -1.7552541662524979,
              53.7224824093274
            ],
            [
              -1.755406879850798,
              53.72311492570239
            ],
            [
              -1.7539875417018893,
              53.72309898002831
            ],
            [
              -1.7537719460337007,
              53.72384310504214
            ],
            [
              -1.7536371987410826,
              53.72586280656184
            ],
            [
              -1.7561973973008234,
              53.7261870127697
            ],
            [
              -1.7568082516940247,
              53.72617106826055
            ],
            [
              -1.757419106087226,
              53.72603819711579
            ],
            [
              -1.758497084428169,
              53.72545355909085
            ],
            [
              -1.7592157366554648,
              53.725267536196384
            ],
            [
              -1.7598804899657132,
              53.725262221244456
            ],
            [
              -1.7604554117475497,
              53.72534726039478
            ],
            [
              -1.7612369460447337,
              53.72561300663107
            ],
            [
              -1.7625574695123893,
              53.72571930465534
            ],
            [
              -1.7634647679493503,
              53.7259053255512
            ],
            [
              -1.7638151109101567,
              53.72592658502974
            ],
            [
              -1.7640576560368693,
              53.72583623217168
            ],
            [
              -1.764560712595976,
              53.72591595529183
            ],
            [
              -1.7650458028494005,
              53.72603819711579
            ],
            [
              -1.765153600683495,
              53.72617106826055
            ],
            [
              -1.7657195393124903,
              53.726213586938194
            ],
            [
              -1.7659351349806789,
              53.72631456862526
            ],
            [
              -1.7671119280028755,
              53.72614449406521
            ],
            [
              -1.7682617715665485,
              53.72622953143124
            ],
            [
              -1.7687468618199729,
              53.726373031596395
            ],
            [
              -1.770085351593311,
              53.726250790745866
            ],
            [
              -1.7700943347461522,
              53.726442124093865
            ],
            [
              -1.769761958091028,
              53.726474012900574
            ],
            [
              -1.7696361939512513,
              53.72672380771625
            ],
            [
              -1.7693307667546507,
              53.72683010293242
            ],
            [
              -1.7691870363091915,
              53.72726591050919
            ],
            [
              -1.768701946055767,
              53.72735626029517
            ],
            [
              -1.767920411758583,
              53.727877096452296
            ],
            [
              -1.7667705681949102,
              53.72815877046139
            ],
            [
              -1.7665010736096742,
              53.728552047996594
            ],
            [
              -1.7659261518278377,
              53.72886028997966
            ],
            [
              -1.765800387688061,
              53.72914727186346
            ],
            [
              -1.7650907186136064,
              53.729466138325776
            ],
            [
              -1.7650547860022419,
              53.729593684233556
            ],
            [
              -1.764381049539152,
              53.7298168886411
            ],
            [
              -1.7637971446044745,
              53.730210150666366
            ],
            [
              -1.7638959592857275,
              53.730295179809794
            ],
            [
              -1.763779178298792,
              53.73075752276725
            ],
            [
              -1.7635995152419681,
              53.730794722554315
            ],
            [
              -1.763401885879462,
              53.73113483336692
            ],
            [
              -1.762907812473196,
              53.73128894517301
            ],
            [
              -1.7618657667436173,
              53.73279283417577
            ],
            [
              -1.7615423732413344,
              53.73338799800325
            ],
            [
              -1.7614794911714462,
              53.733977839554164
            ],
            [
              -1.7604015128305026,
              53.734254158875316
            ],
            [
              -1.7610842324464335,
              53.73455704527522
            ],
            [
              -1.7609045693896095,
              53.734647379392996
            ],
            [
              -1.7569968979036896,
              53.734626124323924
            ],
            [
              -1.7547870423047556,
              53.73470583077754
            ],
            [
              -1.753834828103589,
              53.73460486924412
            ],
            [
              -1.7522897258149033,
              53.73458892792718
            ],
            [
              -1.7516429388103372,
              53.73436043505365
            ],
            [
              -1.7513734442251014,
              53.734402945449744
            ],
            [
              -1.749918173464828,
              53.73423821742539
            ],
            [
              -1.7486335826085369,
              53.73437637645721
            ],
            [
              -1.7460823672016375,
              53.73438169025707
            ],
            [
              -1.7459027041448136,
              53.734487966112944
            ],
            [
              -1.7464866090794913,
              53.736528410441345
            ],
            [
              -1.7471603455425808,
              53.73799491862192
            ],
            [
              -1.7469267835687097,
              53.73847843003008
            ],
            [
              -1.7468549183459803,
              53.739509194023235
            ],
            [
              -1.7458488052277663,
              53.74230381868893
            ],
            [
              -1.7474747558920227,
              53.74273415312324
            ],
            [
              -1.7469267835687097,
              53.743191046588166
            ],
            [
              -1.745929653603337,
              53.74369043608845
            ],
            [
              -1.7466033900664268,
              53.7455657500503
            ],
            [
              -1.747348991752246,
              53.74669196070276
            ],
            [
              -1.7468549183459803,
              53.74698413306311
            ],
            [
              -1.7466303395249503,
              53.747329425051376
            ],
            [
              -1.745687108476625,
              53.74711693800981
            ],
            [
              -1.7445462480657932,
              53.74734536153617
            ],
            [
              -1.7445103154544284,
              53.74727099122207
            ],
            [
              -1.7432706403623432,
              53.74743035601967
            ],
            [
              -1.7427765669560775,
              53.74709568924656
            ],
            [
              -1.742471139759477,
              53.747334737213656
            ],
            [
              -1.7419052011304816,
              53.747334737213656
            ],
            [
              -1.7410697679162506,
              53.747541911018324
            ],
            [
              -1.7408182396366971,
              53.74790844678561
            ],
            [
              -1.7406475597327142,
              53.74791375887468
            ],
            [
              -1.7400007727281481,
              53.74778626855183
            ],
            [
              -1.7398211096713243,
              53.747621592978895
            ],
            [
              -1.73911144059687,
              53.74762690510423
            ],
            [
              -1.7381682095485445,
              53.74729755206365
            ],
            [
              -1.737638203530914,
              53.74729223989669
            ],
            [
              -1.7373148100286309,
              53.747414419567114
            ],
            [
              -1.7370992143604422,
              53.74730286422997
            ],
            [
              -1.736677006176906,
              53.74736661017317
            ],
            [
              -1.736587174648494,
              53.747185996416185
            ],
            [
              -1.7352756343336795,
              53.747111625820004
            ],
            [
              -1.7338922287961354,
              53.746872576583485
            ],
            [
              -1.7337574815035175,
              53.746925698753586
            ],
            [
              -1.7341527402285302,
              53.747727835357885
            ],
            [
              -1.7338293467262471,
              53.74808374537005
            ],
            [
              -1.733919178254659,
              53.748200610686645
            ],
            [
              -1.733308323861458,
              53.74850870859951
            ],
            [
              -1.7331556102631576,
              53.74897616318725
            ],
            [
              -1.7328142504551922,
              53.74892304360966
            ],
            [
              -1.7323381433546088,
              53.74912489764714
            ],
            [
              -1.7311882997909358,
              53.74991636859529
            ],
            [
              -1.7311793166380944,
              53.7501341532872
            ],
            [
              -1.7307571084545585,
              53.75059627804018
            ],
            [
              -1.7309098220528587,
              53.750829994370484
            ],
            [
              -1.7307211758431937,
              53.75103715093986
            ],
            [
              -1.7304067654937518,
              53.75110089121721
            ],
            [
              -1.7303977823409105,
              53.751302734790876
            ],
            [
              -1.7298318437119151,
              53.75147270757437
            ],
            [
              -1.7296970964192973,
              53.751393032917726
            ]
          ]
        ]
      }
    },
    {
      "type": "Feature",
      "properties": {
        "WardName": "Birstall & Birkenshaw",
        "NoCllrs": 3,
        "Number": 5
      },
      "geometry": {
        "type": "Polygon",
        "coordinates": [
          [
            [
              -1.7048227462020278,
              53.76482935506227
            ],
            [
              -1.7029362841053768,
              53.764080645470585
            ],
            [
              -1.7025589916860466,
              53.76434083684228
            ],
            [
              -1.7018942383757982,
              53.76385231293857
            ],
            [
              -1.7015349122621504,
              53.76406471533421
            ],
            [
              -1.6977979206802132,
              53.762423878919115
            ],
            [
              -1.697735038610325,
              53.762482291672065
            ],
            [
              -1.6963695993784633,
              53.762121193352414
            ],
            [
              -1.6953275536488845,
              53.76199905645333
            ],
            [
              -1.6957856944437855,
              53.761781333273845
            ],
            [
              -1.6951389074392194,
              53.76144147044469
            ],
            [
              -1.6949053454653482,
              53.761473332701755
            ],
            [
              -1.6944561878232887,
              53.7610325693329
            ],
            [
              -1.6938273671244048,
              53.76070863185939
            ],
            [
              -1.6930637991329034,
              53.76074580513903
            ],
            [
              -1.6911953033419347,
              53.7603262762163
            ],
            [
              -1.689973594555532,
              53.759943917091945
            ],
            [
              -1.6899915608612146,
              53.75984832676688
            ],
            [
              -1.689596302136202,
              53.759577486330976
            ],
            [
              -1.6906293647129393,
              53.75839851349528
            ],
            [
              -1.6905395331845274,
              53.758483485617184
            ],
            [
              -1.6870001709650966,
              53.7576868652251
            ],
            [
              -1.6866498280042899,
              53.75809048811219
            ],
            [
              -1.683155381549065,
              53.75708142362141
            ],
            [
              -1.6819965548325508,
              53.756624681197515
            ],
            [
              -1.6793465247443984,
              53.75545093660515
            ],
            [
              -1.6767054778090869,
              53.75397972624757
            ],
            [
              -1.6764270000710098,
              53.75365573437177
            ],
            [
              -1.6766336125863572,
              53.753517638714314
            ],
            [
              -1.6761305560272504,
              53.75326800310449
            ],
            [
              -1.675663432079508,
              53.7526359403526
            ],
            [
              -1.6761395391800915,
              53.75239161102583
            ],
            [
              -1.675888010900538,
              53.752131345614615
            ],
            [
              -1.6745674874328824,
              53.752088853149445
            ],
            [
              -1.6733367954936387,
              53.75164799128705
            ],
            [
              -1.66838707827814,
              53.7495020433815
            ],
            [
              -1.667605543980956,
              53.74901334685158
            ],
            [
              -1.66635688573603,
              53.74843965236721
            ],
            [
              -1.663967367080272,
              53.74761628085288
            ],
            [
              -1.6608412298915363,
              53.746851327696625
            ],
            [
              -1.6583708628602074,
              53.7466175892321
            ],
            [
              -1.6586583237511257,
              53.74624041760414
            ],
            [
              -1.6580564525107655,
              53.746118234519734
            ],
            [
              -1.658442728082937,
              53.74545950220411
            ],
            [
              -1.6528552070157136,
              53.746102297569486
            ],
            [
              -1.6500434801764194,
              53.74654321762979
            ],
            [
              -1.6494955078531066,
              53.746713209670226
            ],
            [
              -1.6492619458792355,
              53.746638838237146
            ],
            [
              -1.6482019338439744,
              53.74669196070276
            ],
            [
              -1.6421293225233264,
              53.74762690510423
            ],
            [
              -1.6396769217976803,
              53.74776502012707
            ],
            [
              -1.637880291229441,
              53.747727835357885
            ],
            [
              -1.6391289494743673,
              53.74686726436279
            ],
            [
              -1.6395421745050622,
              53.746766332041815
            ],
            [
              -1.6388235222777665,
              53.74645822135165
            ],
            [
              -1.638706741290831,
              53.746187294567605
            ],
            [
              -1.6384372467055952,
              53.746049174358326
            ],
            [
              -1.6388325054306077,
              53.74515138193083
            ],
            [
              -1.638518095081166,
              53.744726384742926
            ],
            [
              -1.6377635102425057,
              53.74417919453341
            ],
            [
              -1.6377545270896645,
              53.74381793883956
            ],
            [
              -1.6370718074737336,
              53.743361052190714
            ],
            [
              -1.6364789193862146,
              53.74312198161567
            ],
            [
              -1.6362723068708673,
              53.74266508739978
            ],
            [
              -1.6360567112026785,
              53.742702276649595
            ],
            [
              -1.6358680649930133,
              53.742585396039395
            ],
            [
              -1.6361824753424552,
              53.7419797367615
            ],
            [
              -1.6361285764254079,
              53.74167690384914
            ],
            [
              -1.6368112960413388,
              53.74107123147746
            ],
            [
              -1.6368921444169098,
              53.7407099490643
            ],
            [
              -1.6366495992901973,
              53.74047086340665
            ],
            [
              -1.6367933297356565,
              53.74004581887901
            ],
            [
              -1.636685531901562,
              53.74004581887901
            ],
            [
              -1.6362902731765496,
              53.73946137563429
            ],
            [
              -1.6357333177003954,
              53.739695153907476
            ],
            [
              -1.6347541540407051,
              53.73990236538068
            ],
            [
              -1.634278046940122,
              53.73956763864694
            ],
            [
              -1.6362543405651848,
              53.73862188838883
            ],
            [
              -1.6361645090367727,
              53.73800554530604
            ],
            [
              -1.6363172226350733,
              53.73790990505209
            ],
            [
              -1.63599382913279,
              53.73777707100497
            ],
            [
              -1.6360926438140433,
              53.73755390886073
            ],
            [
              -1.6359129807572192,
              53.737458267579065
            ],
            [
              -1.6355985704077776,
              53.73682065347273
            ],
            [
              -1.6352392442941297,
              53.73651778338373
            ],
            [
              -1.6347631371935463,
              53.73648058866092
            ],
            [
              -1.6345116089139928,
              53.736188343265084
            ],
            [
              -1.6345295752196753,
              53.73577919629721
            ],
            [
              -1.6340804175776154,
              53.73537004534667
            ],
            [
              -1.6340894007304567,
              53.735146870422255
            ],
            [
              -1.6339277039793152,
              53.73510967448633
            ],
            [
              -1.6339905860492034,
              53.734769595831594
            ],
            [
              -1.6338558387565856,
              53.73451453503495
            ],
            [
              -1.6336043104770321,
              53.73440825924624
            ],
            [
              -1.6338109229923796,
              53.73413194093806
            ],
            [
              -1.6336761756997618,
              53.73409474410402
            ],
            [
              -1.6337031251582854,
              53.73394064258375
            ],
            [
              -1.633370748503161,
              53.73387156240853
            ],
            [
              -1.6333078664332727,
              53.73349959028282
            ],
            [
              -1.632813793027007,
              53.73295225388438
            ],
            [
              -1.6329754897781485,
              53.7328353461572
            ],
            [
              -1.6326161636645007,
              53.73246867890383
            ],
            [
              -1.632723961498595,
              53.732314571422506
            ],
            [
              -1.6323646353849472,
              53.73226143078071
            ],
            [
              -1.6320951407997115,
              53.73210732253962
            ],
            [
              -1.6321759891752823,
              53.73183630322805
            ],
            [
              -1.6319873429656169,
              53.731692821708656
            ],
            [
              -1.6318436125201579,
              53.731039177479
            ],
            [
              -1.6321939554809646,
              53.73111357652176
            ],
            [
              -1.632256837550853,
              53.73082129381064
            ],
            [
              -1.632679045734389,
              53.73099666368114
            ],
            [
              -1.6336222767827147,
              53.73149619809047
            ],
            [
              -1.6336312599355558,
              53.731793790236324
            ],
            [
              -1.6343858447742161,
              53.732176405614126
            ],
            [
              -1.6348439855691173,
              53.7322773729803
            ],
            [
              -1.6357692503117602,
              53.732224232291486
            ],
            [
              -1.6355626377964128,
              53.73199041246265
            ],
            [
              -1.6358411155344899,
              53.73186287382605
            ],
            [
              -1.635805182923125,
              53.73145899892409
            ],
            [
              -1.635948913368584,
              53.731049805921735
            ],
            [
              -1.636586717220309,
              53.73055558049171
            ],
            [
              -1.6355895872549364,
              53.72897189427836
            ],
            [
              -1.6364789193862146,
              53.72870616927061
            ],
            [
              -1.6360567112026785,
              53.72828632033535
            ],
            [
              -1.6361645090367727,
              53.728206601709466
            ],
            [
              -1.6363801047049615,
              53.728174714216784
            ],
            [
              -1.6368831612640686,
              53.72873805636021
            ],
            [
              -1.6374760493515872,
              53.72849358805524
            ],
            [
              -1.6372245210720338,
              53.72828632033535
            ],
            [
              -1.638374364635707,
              53.727829264829374
            ],
            [
              -1.637691645019776,
              53.72683010293242
            ],
            [
              -1.6382216510374064,
              53.72683541768616
            ],
            [
              -1.6382575836487714,
              53.726755696309304
            ],
            [
              -1.640135062592581,
              53.72712241339123
            ],
            [
              -1.641734063798314,
              53.72764325244514
            ],
            [
              -1.6419945752307086,
              53.72746255391243
            ],
            [
              -1.6426772948466393,
              53.727388148408565
            ],
            [
              -1.6438451047159948,
              53.727499756615
            ],
            [
              -1.644402060192149,
              53.72731905746563
            ],
            [
              -1.644590706401814,
              53.727505071284114
            ],
            [
              -1.644959015668303,
              53.727388148408565
            ],
            [
              -1.646845477764954,
              53.726431494486256
            ],
            [
              -1.646207673913229,
              53.725698045072
            ],
            [
              -1.6465849663325594,
              53.72517186695881
            ],
            [
              -1.6472407364899666,
              53.72478918783175
            ],
            [
              -1.6464951348041474,
              53.72434803951667
            ],
            [
              -1.6478246414246442,
              53.72344978346114
            ],
            [
              -1.6495494067701537,
              53.72457658681188
            ],
            [
              -1.6509238291548565,
              53.72531005578769
            ],
            [
              -1.6560801588857026,
              53.72690450942383
            ],
            [
              -1.661344286450643,
              53.72909944168553
            ],
            [
              -1.6656561998144168,
              53.725729934442995
            ],
            [
              -1.6661951889848883,
              53.725065567550615
            ],
            [
              -1.6669587569763902,
              53.72343915309707
            ],
            [
              -1.6675516450639087,
              53.722594030555456
            ],
            [
              -1.6685308087235993,
              53.72157879800262
            ],
            [
              -1.6696626859815897,
              53.72067516726192
            ],
            [
              -1.6711538893532283,
              53.72139275796674
            ],
            [
              -1.6707226980168508,
              53.721451227780975
            ],
            [
              -1.6701298099293318,
              53.72169042162909
            ],
            [
              -1.6709921926020865,
              53.72209970572477
            ],
            [
              -1.6693662419378303,
              53.72335411008785
            ],
            [
              -1.6705789675713918,
              53.72400787380026
            ],
            [
              -1.6730673009084027,
              53.72575650890035
            ],
            [
              -1.6726540758777078,
              53.72668128955454
            ],
            [
              -1.6726450927248666,
              53.72755821793825
            ],
            [
              -1.6721869519299657,
              53.72838729704444
            ],
            [
              -1.6713964344799404,
              53.72929607651349
            ],
            [
              -1.6712167714231165,
              53.72968934341045
            ],
            [
              -1.670776596933898,
              53.73007197794155
            ],
            [
              -1.670776596933898,
              53.73038552308622
            ],
            [
              -1.6710640578248164,
              53.73045460899017
            ],
            [
              -1.672204918235648,
              53.731118890734045
            ],
            [
              -1.672348648681107,
              53.73111357652176
            ],
            [
              -1.6732289976595442,
              53.731692821708656
            ],
            [
              -1.6734176438692094,
              53.731687507568914
            ],
            [
              -1.6746034200442472,
              53.73246336486215
            ],
            [
              -1.6745495211272001,
              53.732915056006455
            ],
            [
              -1.6752951228130193,
              53.732920369991035
            ],
            [
              -1.6752771565073368,
              53.73330297511524
            ],
            [
              -1.675609533162461,
              53.73330828905079
            ],
            [
              -1.6756454657738258,
              53.733813109863895
            ],
            [
              -1.6759149603590617,
              53.733701518416616
            ],
            [
              -1.6762653033198682,
              53.733834365344066
            ],
            [
              -1.6769749723943226,
              53.73378122662346
            ],
            [
              -1.677172601756829,
              53.734248845059355
            ],
            [
              -1.6776666751630946,
              53.73447733853947
            ],
            [
              -1.6773342985079704,
              53.734716458293285
            ],
            [
              -1.677397180577859,
              53.73481741955868
            ],
            [
              -1.6793465247443984,
              53.7344560833844
            ],
            [
              -1.679202794298939,
              53.73564104187616
            ],
            [
              -1.6789063502551798,
              53.736363690746416
            ],
            [
              -1.6792477100631449,
              53.73650715632342
            ],
            [
              -1.6786817714341498,
              53.7367568915301
            ],
            [
              -1.678969232325068,
              53.73705975989613
            ],
            [
              -1.6794902551898574,
              53.73705975989613
            ],
            [
              -1.6795351709540634,
              53.737410446856614
            ],
            [
              -1.680756879740466,
              53.73749014803046
            ],
            [
              -1.680433486238183,
              53.737883338276255
            ],
            [
              -1.679112962770527,
              53.738685647502216
            ],
            [
              -1.679014148089274,
              53.73903100768544
            ],
            [
              -1.6788075355739265,
              53.73921696968554
            ],
            [
              -1.6776487088574124,
              53.73993424397817
            ],
            [
              -1.6779002371369658,
              53.74008301044679
            ],
            [
              -1.678924316560862,
              53.7399236177817
            ],
            [
              -1.6790770301591622,
              53.74017333268868
            ],
            [
              -1.679337541591557,
              53.74012020198167
            ],
            [
              -1.6794183899671278,
              53.74026365473643
            ],
            [
              -1.6792477100631449,
              53.740295533059886
            ],
            [
              -1.6793734742029218,
              53.74063025399621
            ],
            [
              -1.6798585644563462,
              53.74144844950621
            ],
            [
              -1.6824457124746106,
              53.74117217747894
            ],
            [
              -1.685095742562763,
              53.74109779623823
            ],
            [
              -1.6882667955157051,
              53.74126249737999
            ],
            [
              -1.6904676679617978,
              53.74154408170785
            ],
            [
              -1.6933422768709803,
              53.74214443444679
            ],
            [
              -1.6946538171857948,
              53.74252164284225
            ],
            [
              -1.7016696595547682,
              53.74502388322582
            ],
            [
              -1.7034842564286898,
              53.74543294020058
            ],
            [
              -1.7056671625691002,
              53.74572512131585
            ],
            [
              -1.7081195632947466,
              53.74583668084209
            ],
            [
              -1.7107246776186933,
              53.74568793474132
            ],
            [
              -1.713392674012528,
              53.7452363808526
            ],
            [
              -1.7158001589739684,
              53.74452982208971
            ],
            [
              -1.7159079568080626,
              53.74498669603064
            ],
            [
              -1.7163571144501226,
              53.74486982177442
            ],
            [
              -1.7201300386434244,
              53.74642634770303
            ],
            [
              -1.7193574874990816,
              53.74709037705406
            ],
            [
              -1.717749503140508,
              53.747977503891036
            ],
            [
              -1.7192407065121462,
              53.74858838872651
            ],
            [
              -1.719923426128077,
              53.74874243654352
            ],
            [
              -1.719276639123511,
              53.749167393110405
            ],
            [
              -1.7195461337087468,
              53.74953391469687
            ],
            [
              -1.7198425777525064,
              53.749581721624565
            ],
            [
              -1.7200491902678536,
              53.74939049358733
            ],
            [
              -1.7206510615082138,
              53.74939049358733
            ],
            [
              -1.7216481914735866,
              53.749645464110216
            ],
            [
              -1.7220075175872342,
              53.749363934068874
            ],
            [
              -1.7221961637968992,
              53.74945954825672
            ],
            [
              -1.7223488773951998,
              53.74937986978197
            ],
            [
              -1.7225644730633884,
              53.74964015224012
            ],
            [
              -1.723651434557173,
              53.74907709019962
            ],
            [
              -1.7247383960509577,
              53.7482962275221
            ],
            [
              -1.7268943527328444,
              53.74911427377464
            ],
            [
              -1.72701113371978,
              53.74918864082593
            ],
            [
              -1.726328414103849,
              53.75003854063467
            ],
            [
              -1.727280628305016,
              53.75072375983609
            ],
            [
              -1.7279004658510584,
              53.75004385245441
            ],
            [
              -1.7289335284277958,
              53.75073969503337
            ],
            [
              -1.729535399668156,
              53.75134522805123
            ],
            [
              -1.7294365849869027,
              53.7515948750877
            ],
            [
              -1.728708949606766,
              53.7515948750877
            ],
            [
              -1.7287448822181306,
              53.75167986097441
            ],
            [
              -1.7285472528556245,
              53.751849832232004
            ],
            [
              -1.7284035224101653,
              53.7518338974558
            ],
            [
              -1.7280980952135647,
              53.75217914958653
            ],
            [
              -1.7280441962965174,
              53.75239161102583
            ],
            [
              -1.7278914826982172,
              53.752375676455145
            ],
            [
              -1.7278645332396936,
              53.752556267902186
            ],
            [
              -1.727289611457857,
              53.75285902240983
            ],
            [
              -1.727379442986269,
              53.75303430033797
            ],
            [
              -1.7271189315538744,
              53.75346452487902
            ],
            [
              -1.7269302853442092,
              53.75346983626557
            ],
            [
              -1.7266607907589735,
              53.75368229117692
            ],
            [
              -1.7268494369686385,
              53.75401159416596
            ],
            [
              -1.726373329868055,
              53.75430371562438
            ],
            [
              -1.7266248581476087,
              53.75453741132843
            ],
            [
              -1.7264811277021497,
              53.754659569928975
            ],
            [
              -1.726499094007832,
              53.75505791072358
            ],
            [
              -1.7260050206015662,
              53.755365958347774
            ],
            [
              -1.725591795570871,
              53.756157311715235
            ],
            [
              -1.7250617895532407,
              53.75641224116846
            ],
            [
              -1.7251695873873352,
              53.75656094930163
            ],
            [
              -1.7247383960509577,
              53.75661405922158
            ],
            [
              -1.7246395813697044,
              53.75683712015204
            ],
            [
              -1.7243251710202625,
              53.75689022972279
            ],
            [
              -1.7244419520071983,
              53.75703893616361
            ],
            [
              -1.7242892384088977,
              53.75723544029566
            ],
            [
              -1.723741266085585,
              53.75740538907388
            ],
            [
              -1.7234627883475078,
              53.757856812176655
            ],
            [
              -1.7228429508014653,
              53.758085177309916
            ],
            [
              -1.7222141301025817,
              53.75883399380284
            ],
            [
              -1.7216212420150627,
              53.75913139239359
            ],
            [
              -1.721208016984368,
              53.75914201373288
            ],
            [
              -1.72047139845139,
              53.75949251642253
            ],
            [
              -1.7198874935167123,
              53.75958279694456
            ],
            [
              -1.719564100014429,
              53.75952438015833
            ],
            [
              -1.7193035885820345,
              53.759821773860196
            ],
            [
              -1.7184232396035974,
              53.7602944130889
            ],
            [
              -1.7185759532018976,
              53.76040062341955
            ],
            [
              -1.7180818797956319,
              53.760634285201434
            ],
            [
              -1.7179201830444903,
              53.76044841798072
            ],
            [
              -1.7136981012091288,
              53.76171229885929
            ],
            [
              -1.713895730571635,
              53.76202029767866
            ],
            [
              -1.7144347197421068,
              53.76245574043079
            ],
            [
              -1.7136442022920815,
              53.76261504762657
            ],
            [
              -1.7121619820732843,
              53.76261504762657
            ],
            [
              -1.7106348460902812,
              53.76285400728703
            ],
            [
              -1.709107710107278,
              53.762471671177586
            ],
            [
              -1.7077063382640514,
              53.763209789150814
            ],
            [
              -1.7072392143163093,
              53.76371425080525
            ],
            [
              -1.7048227462020278,
              53.76482935506227
            ]
          ]
        ]
      }
    }
  ]
}
